:020000040800F2
:1000000070AB00205D02000899BE00081F9B00082D
:10001000ADBB0008ED360008C91101080000000062
:100020000000000000000000000000009D0100082A
:10003000FF3F000800000000F901000899DD0008FA
:1000400077020008770200087702000877020008AC
:10005000770200087702000877020008770200089C
:10006000014000087702000877020008B53E00084A
:10007000C53E000877020008D53E0008E53E0008AE
:10008000770200087702000877020008770200086C
:100090007702000877020008770200080B4000088A
:1000A000770200087702000877020008770200084C
:1000B0007702000895DE0008770200087702000842
:1000C000770200087702000877020008770200082C
:1000D00055D900087702000877020008FDE80008FB
:1000E000770200087702000877020008770200080C
:1000F00077020008770200087702000877020008FC
:1001000077020008770200087702000877020008EB
:100110007702000877020008A5DE000877020008D1
:1001200077020008770200087702000877020008CB
:1001300077020008000000000000000077020008BD
:100140007702000877020008770200089DBE0008C9
:10015000770200087702000877020008770200089B
:10016000770200087702000877020008770200088B
:10017000770200087702000800000000000000007D
:100180007702000877020008DFF80CD000F026FFA5
:1001900000480047BD2B010870AB00202C4B1968AC
:1001A0000868B0E8F04F80F30988BFF36F8F4FF015
:1001B000000080F3118870470000000008480068C4
:1001C000006880F308884FF0000080F3148862B65E
:1001D00061B6BFF34F8FBFF36F8F00DF00BF00BF6B
:1001E00008ED00E0DFF80C00016841F470010160E7
:1001F000704700BF88ED00E0EFF30980BFF36F8F19
:10020000134B1A681EF0100F08BF20ED108A20E96A
:10021000F04F106009B44FF0BF0080F31188BFF3B6
:100220004F8FBFF36F8F13F095FB4FF0000080F3FB
:10023000118809BC19680868B0E8F04F1EF0100F6B
:1002400008BFB0EC108A80F30988BFF36F8F704746
:1002500030030020EFF30580704700000648804718
:1002600006480047FEE7FEE7FEE7FEE7FEE7FEE79B
:10027000FEE7FEE7FEE7FEE781DE000889010008F1
:100280002DE9F05F0546002092469B4688460646CB
:10029000814640241BE0284641464746224600F05E
:1002A00006FD53465A46C01A914110D311461846CE
:1002B000224600F0EDFC2D1A67EB01084F4622465E
:1002C0000120002100F0E4FC17EB00094E41201E44
:1002D000A4F10104DFDC484631462A464346BDE826
:1002E000F09F40EA01039B0703D009E008C9121FF1
:1002F00008C0042AFAD203E011F8013B00F8013BE0
:10030000521EF9D27047D2B201E000F8012B491E0B
:10031000FBD270470022F6E710B513460A460446A2
:100320001946FFF7F0FF204610BD30B50546002006
:10033000034600E05B1C934205D2EC5CC85C201ACB
:1003400001D1002CF6D130BD0246C9B200E0401CFC
:100350000378002BFBD102E003788B4203D0401ED0
:100360009042F9D2002070470FB400B58DB010A9AB
:1003700009900B9000914FF0FF300A9000200C90F4
:1003800005480690054807906A4609A80F9900F0AD
:10039000C5FC0DB05DF814FB390D0008570D0008C1
:1003A0002DE9FF5F1D464FF0FF3BD5E90146914621
:1003B0005F464FF00008A9697F1C01988847296AA9
:1003C000824688470028F6D1BAF1FF3F0CD024F4CA
:1003D000C064002E19DD600614D5BAF12B0F09D0C8
:1003E000BAF12D0F0ED103E0584604B0BDE8F09FDE
:1003F00044F48064A9697F1C01988847761E824670
:10040000002E02DDBAF1300F03D0B9F1000F26D073
:1004100032E0A969761E44F400747F1C0198884775
:100420008246002E05DDBAF1780F06D0BAF1580FDA
:1004300003D0B9F1000F10D01EE0B9F1000F02D0C7
:10044000B9F1100F18D1A969761E24F400747F1C2D
:10045000019888478246102002E0082000E00A2028
:10046000814609E008FB0908A969761E44F4007476
:100470007F1C019888478246002E05DD494650467C
:1004800000F037FC0028EDDAE96901988847A005FB
:1004900002D46FF00100A8E7E00725D1600613D56C
:1004A000600502D5C8F1000000E0404629680A1D39
:1004B0002A600968220501D5087015E0220701D5D8
:1004C000088011E008600FE02868011D29600068BD
:1004D000210502D580F8008006E0210702D5A0F8AA
:1004E000008001E0C0F8008038467EE72DE9FF4F2C
:1004F000087883B09946FF2805D0491C2D2804D0E0
:100500000024002008E000200BE00124F9E700EBC4
:10051000800003EB4000491C0B78FF2BF7D104B19E
:10052000404200230293147819461D462D2C01D019
:100530002B2C04D1521C2D2C13D000240294AA463B
:100540001478FF2C0FD00A25A3FB057801FB058149
:100550004FF0000C03FB0C11521CE3194AEB010194
:10056000EEE70124EAE7814453EA010002D019F5DD
:10057000C87F06DA03980021C0E9001107B0BDE882
:10058000F08F0025AE4E2F46DFF8B882184600F0F7
:10059000A5FCCDE90001B9F1000002DAC9F10004BF
:1005A00000E004460023A74A1AEB030B42EB045A6F
:1005B00012E0E00707D02A4633463846414600F0AD
:1005C000ECF9074688462A4633461046194600F09D
:1005D000E4F905460E466410002CEAD1DDE900017D
:1005E000B9F1000F5A46534606DA00F048FA3A4687
:1005F000434600F044FA05E000F0CFF93A4643469E
:1006000000F0CBF9029A0AB181F00041039AC2E9E5
:100610000001B3E72DE9FF4F1F468DB0D7E9014632
:100620004FF0FF382E2045464FF000090B90B96976
:100630006D1C0E988847396A824688470028F6D193
:10064000BAF1FF3F0AD024F4D064002E11DDBAF1D4
:100650002B0F08D0BAF12D0F0BD102E0404611B09C
:100660008DE744F48064B9696D1C0E988847824612
:10067000761E6946600501D52D2000E02B208DF8FF
:10068000000001F1010B0DF1200809E0B9696D1CB2
:100690000E98884782460F9844F40074761E0560D1
:1006A000002E02DDBAF1300FF0D00B998A453ED111
:1006B00044F0800406E00F99681CA9F1010944F494
:1006C00000740860B9696D1C761E0E9888478246D2
:1006D0003028F0D02BE00B998A4505D1200603D4B1
:1006E00044F08004761E18E0504611F0BDFE08B3B9
:1006F0000DF11301761E44F400748B4508D2AAF163
:1007000030000BF8010B200607D5A9F1010003E02A
:10071000200602D409F101008146A00502D50F99F7
:10072000681C0860B9696D1C0E9888478246002EC7
:10073000D1DC53E0002E51DDBAF1650F02D0BAF1E1
:10074000450F4BD1A00549D5B9696D1C24F44074FF
:10075000761E0E9888478246002E0CDD2B2804D08A
:10076000BAF12D0F07D144F48074B9696D1C0E984D
:1007700088478246761EE00501D52D2100E02B2119
:1007800008F8011BCDF82C8021E00DF12901761E1F
:1007900044F4007488450CD2AAF1300010F0FF0038
:1007A00088F8000002D10B99884509D908F10108A1
:1007B00006E0E00501D5244801E042F20F708146D1
:1007C000B9696D1C0E98884782460F980560002E07
:1007D00004DD504611F048FE0028D6D1F9690E9884
:1007E0008847FF208BF8000088F800000020069062
:1007F00007904B466A4608A906A8FFF777FEA005B2
:1008000002D46FF001002AE714F0240F0AD0E007A9
:1008100014D1DDE906123868031D3B600068C0E9A9
:1008200000120BE0DDE9060100F000FA0146E007E6
:1008300004D13868021D3A600068016028460EE75E
:10084000000014400000F03FF1D8FFFF2DE9FE4FFB
:10085000804681EA0300C00F0C46009021F0004161
:1008600023F00045B8EB0200A94105D240462146DD
:1008700090461C460B46024623F00040104347D0EA
:10088000270DC7F30A00C3F30A510290401A0190E2
:1008900040286BDAC3F3130040F4801B00989246A3
:1008A00020B10023D2EB030A63EB0B0B01985946EE
:1008B000C0F14002504600F0EBF906460D465046A6
:1008C0005946019A00F003FA10EB08006141002438
:1008D00087EA115284EAE7731A4340D0009A62B360
:1008E000019A012A4FEA075215DC001B61EB020155
:1008F0004FF0004202EA0752CDE90042001C41F5E8
:10090000801132462B4600F09BFA03B0BDE8F08F11
:1009100040462146F9E7001B61EB0201001C41F54E
:10092000801300185B412018A2F5001747EB030164
:1009300040EAD570B6196D4111E06D084FEA3606F0
:1009400045EAC0754FEA0752001B61EB0201001C2B
:1009500041F5801149084FEA3000001951413246F3
:100960002B4603B0BDE8F04F00F05BBA00980122BF
:1009700040000023D0EB020263EBE07300982146B5
:100980004FEAE074B8EB000061EB0401E9E783F0A3
:1009900000435BE781F0004158E72DE9FE4F81EA13
:1009A000030404F0004421F0004100944FF0000BD8
:1009B00023F0004350EA01045ED052EA03045BD006
:1009C000C3F30A54C1F30A552C44A4F2F33401943E
:1009D000A0FB0254C1F3130141F48011C3F31303CC
:1009E00043F4801301FB024400FB034E840A970A80
:1009F00044EA815447EA8357A4FB076802958D0AAD
:100A000005FB07854FEA932C04FB0C542705029D38
:100A10004FEA065847EA1637B5EB08056EEB070CA8
:100A2000870E920E47EA811742EA8312A7FB020162
:100A3000B6EB0B0164EB00042B0D43EA0C335E189C
:100A400044EB1C50DA465146E7FB0201C5F31304A0
:100A50004FEA0B3343EA14534FEA0432019C43EA52
:100A60000603A4F10C040294009CCDE900B400F04C
:100A7000E7F903B0BDE8F08F00200146F9E72DE962
:100A8000F04D81EA030404F0004B21F000451446C8
:100A90004FF0000A23F0004150EA050220D054EA4A
:100AA00001021DD0C5F30A570246C5F31303C1F373
:100AB0001300C1F30A5640F4801543F48013A7EBEA
:100AC0000608101BD64608F2FD3873EB050002D36A
:100AD00008F1010801E092185B41B8F1000F03DA58
:100AE00000200146BDE8F08D00204FF4801106463D
:100AF00084460EE0171B73EB050705D3121B63EB4F
:100B0000050306434CEA010C49084FEA30009218ED
:100B10005B4150EA0107EDD152EA030012D082EAAC
:100B2000040083EA0501084305D0101BAB4106D23F
:100B30000122002306E000224FF0004302E06FF0A4
:100B4000010253101AEB06004CEB085110EB0A009F
:100B500041EB0B01BDE8F04D00F063B90EB5C10FDC
:100B600080EAE0700844CA07002140F233438DE870
:100B70000E000A460B4600F063F903B000BD0EB547
:100B800040F2334102910021CDE900110A460B46A3
:100B900000F056F903B000BD70B5C1F30A5201F080
:100BA00000450024C1F3130140F2FF3341F48011EA
:100BB0009A4201DA002070BD40F233439A42A2F219
:100BC000334203DC524200F072F800E090402C43C4
:100BD000F1D0404270BD00F0004230F000400AD039
:100BE000C10D01F56071C0F3160042EA0151C2085F
:100BF00040071143704700200146704730B5041E7E
:100C000071F1000404DB4FF00044404264EB010149
:100C1000141E73F1000405DB1C464FF000435242E2
:100C200063EB04038B4208BF824230BD01F00043F6
:100C300030B421F0004150EA010206D00A0DA2F5BD
:100C40006072C1F31301002A02DC30BC002070473F
:100C5000440F44EAC104C100E01830BC00EBC250AC
:100C600000F08AB830B50B4601460020202201244E
:100C700009E021FA02F59D4205D303FA02F5491B6A
:100C800004FA02F52844151EA2F10102F1DC30BD80
:100C9000202A04DB203A00FA02F10020704791403C
:100CA000C2F1200320FA03F3194390407047202A31
:100CB00004DB203A21FA02F00021704721FA02F306
:100CC000D040C2F120029140084319467047202AC3
:100CD00006DBCB17203A41FA02F043EAE07306E064
:100CE00041FA02F3D040C2F1200291400843194674
:100CF00070473A2800D2303820F02002412A01D330
:100D0000A2F13700884201D34FF0FF307047000056
:100D1000026811441378016018467047D160044995
:100D200051610449116200211161114600F06EB950
:100D3000110D000801100008426842B1016811F865
:100D4000013B23B1521EC0E9001218467047012131
:100D5000C160881E704742685AB1C368016843B9D0
:100D600083688B4205D0491E521CC0E90012002046
:100D700070474FF0FF3070470029A8BF7047401CF4
:100D8000490008BF20F00100704710B4B0FA80FCA1
:100D900000FA0CF050EA010404BF10BC704749B1DE
:100DA000CCF1200421FA04F411FA0CF118BF01214E
:100DB00021430843A3EB0C01CB1D4FEA00614FEA2E
:100DC000102042BF002010BC704700EBC3501044FD
:100DD0000029A4BF10BC7047401C490008BF20F088
:100DE000010010BC704710B541000CD0C0F3C751D2
:100DF000962908DC7E2909DC06DB410204D000F0DC
:100E0000004040F07E5010BD002010BDC1F196049E
:100E1000C4F1200100FA01F1E040FFF7ADFFA0406E
:100E200010BD10B5141E73F1000408DA401C41F126
:100E3000000192185B411A4301D120F0010010BD5E
:100E40002DE9F04D92469B4611B1B1FA81F202E0D4
:100E5000B0FA80F220329046FFF71AFF04460F46A0
:100E600040EA0A0041EA0B0153465A46084313D0B0
:100E7000114653EA010019D0C8F140025046FFF76D
:100E800016FF05460E46504659464246FFF700FFFC
:100E9000084305D0012004E020463946BDE8F08D26
:100EA0000020054346EAE0762C4337430A98630561
:100EB000E40AA0EB08000022FD0A44EA47540A3085
:100EC00002D500200146E9E7010510196941DDE975
:100ED000084500196941BDE8F04DA2E70EB540F2A2
:100EE000334202920022CDE900221346FFF7A8FF09
:100EF00003B000BDC1F30A52C1F3130140F2FF3346
:100F000041F480119A4202DA00200146704740F213
:100F100033439A42A2F2334202DC5242FFF7C7BE89
:100F2000FFF7B6BE10B500F0004420F00040C20D3F
:100F3000C0F3160040F400007F2A07DA7D2A00DAA9
:100F40007D22763A00FA02F1002008E0962A09DCB8
:100F5000A2F1760100FA01F1C2F19602D040FFF74A
:100F60000BFF01E0963A9040002C00D0404210BDAB
:100F700030B5041E71F1000404DB4FF00044404220
:100F800064EB0101141E73F1000405DB1C464FF0F5
:100F90000043524263EB0403994208BF904230BDC4
:100FA000002801DBC0F10040002901DBC1F1004154
:100FB000814202D24FF0004004E04FF0005001D1D6
:100FC0004FF0C0404FEA2062EFF3008162F31F61EF
:100FD00081F300887047002070470000064C074DE1
:100FE00006E0E06840F0010394E8070098471034F9
:100FF000AC42F6D3FFF7CCF80446010824460108BA
:10100000C0B24FF4F05100F097B900002DE9F34F52
:101010008BB04FF0000801F10C000C464FF0010BB3
:1010200046460DF1080A0190626901210198904736
:10103000051E2DD0252D2CD0216A8847C0B16269AC
:10104000012101989047216A88470028F7D1411E65
:1010500062690198904700E0761CA1690B98884767
:10106000216A88470028F7D1E1690B988847DBE7B8
:10107000A1690B9888470746A84201D1761CD3E79F
:10108000E1690B9888477F1C02D1B8F1000F6FD03F
:1010900046E1002762693D463946019890472A2873
:1010A00004D162690121019890470125DFF88492FB
:1010B0006269012101989047A0F130010A290AD202
:1010C0004F45E5DC07EB870100EB4107303FDFD4FC
:1010D00045F01005ECE7E90601D46FF000476C28F5
:1010E0000AD04C2814D0682815D06A280DD074284E
:1010F0001CD07A281AD01DE062690121019890471E
:101100006C2802D045F0040514E045F002050DE01E
:1011100045F020050AE0626901210198904768289E
:1011200002D045F0080505E045F40065626901213B
:1011300001989047C4E9015765283DD019DC58282B
:101140007AD00CDC452837D004DC252826D041286D
:1011500031D131E046282FD047282CD12CE05B2814
:1011600077D0612828D063287CD0642823D15AE026
:10117000D0E06F2848D008DC66281DD067281BD037
:10118000692821D06E2816D127E0702845D0732811
:1011900068D0752847D078280DD14DE0A1690B980B
:1011A0008847054625283FF469AFE1690B988847D1
:1011B0006D1C3FF46AAFB3E023466A466FF001004E
:1011C0000B99FFF727FA9EE045F040006060A80702
:1011D00023464FF0000236D43EE0E8077FF447AFE5
:1011E0002068011D21600068290501D506701BE7F4
:1011F000290701D5068017E7A90703D5F117C0E92C
:10120000006111E706600FE745F040006060A80745
:1012100023464FF0080216D41EE040F60E0125EAE0
:101220000100606016E045F040006060A8072346BA
:101230004FF00A0207D40FE045F040006060A807B5
:1012400008D5234610226FF001000B99AFF3008000
:1012500059E007E0234610226FF001000B99FFF7D9
:101260009FF850E04FF000094F464B46632802D0EC
:101270005B2806D040E0E80601D40120A0600127E9
:101280003AE062690121019890475E2805D14FF04C
:1012900001096269494601989047216939B90021DD
:1012A0000A46534643F82120491C0829FADBB0B30B
:1012B000216969B9C11700EBD16253110AEB8301AF
:1012C00022F01F02821A01200B68904003430B603A
:1012D00062690121019890475D28E8D1B9F1000FBA
:1012E00009D00020514651F82020D24341F8202057
:1012F000401C0828F7DB02AB224600976FF0010084
:101300000B99AFF3008000280CDA401C08D1BBF128
:10131000000F05D04FF0FF300DB0BDE8F08FFFE7B4
:101320004046F9E7E90701D108F1010806444FF00A
:10133000000B79E6CCCCCC0C7F2801D9002208E048
:10134000064A02EB5002C007127800D1120902F0DF
:101350000F0201209040084070470000D44301086C
:1013600070B58C1810F8015B15F0070301D110F867
:10137000013B2A1106D110F8012B03E010F8016B94
:1013800001F8016B5B1EF9D12B0705D40023521E17
:101390000DD401F8013BFAE710F8013BCB1A921C7F
:1013A00003E013F8015B01F8015B521EF9D5A1427D
:1013B000D8D3002070BD30B502460B460020002176
:1013C00014E0545C604000240CE000F0800525B17E
:1013D000072585EA4005EDB201E045062D0E2846B9
:1013E000651CECB2082CF0D34C1CA1B29942E8DB8E
:1013F00030BD000008B500F0EFF800F0E1F800F0B3
:101400002BF910B101204649087087E00A2201211A
:10141000002011F0F3FF4248007810B941480078ED
:10142000E0B112F0B5F8404800884049088000203B
:101430003B4908703B49087012F0BCF800F0CCF84A
:1014400000F0BEF800203A4908703A4807F064FFFF
:1014500000F002F910B101203149087003E09DF855
:10146000000000F073F9684600F0D4F80028F6D1C7
:1014700012F098FC07463048007A012800D100E0BD
:10148000002004462C48B0F90000322801DA01207F
:1014900000E00020054604F095FE28490968401A3E
:1014A000502801D8012000E0002006462B462246A5
:1014B000314638460AF04AF821480078214909782F
:1014C000884221D01E480078042803D10E2002F063
:1014D0003DFA15E01A480078012807D0184800782E
:1014E000022803D016480078032803D1022002F016
:1014F0002DFA05E01248007810B9032002F026FA10
:101500000F4800780F4908700F48007828B10F483D
:101510000AF09CFF00200C49087000BF76E700002D
:101520007D0100207C010020780100207A0100204C
:1015300077010020F00500205C010020140300204A
:1015400074010020B801002058000020BC1B0020BE
:101550002DE9FF4104460E461CB9002004B0BDE849
:10156000F08112F015F8134B0FCB8DE80F001248E5
:1015700005681248077812F01DF827B112F012FC26
:10158000401BB04201D90020E8E79DED000A84ED40
:10159000000A9DED010A84ED010A9DED020A84ED29
:1015A000020A9DED030A84ED030A256101202075DE
:1015B00000BFD3E7882600202C030020280300204A
:1015C00010B511F0E5FF00200249087011F0F2FF9C
:1015D00010BD0000280300200020034908700349C3
:1015E0000870034908707047290300202A0300206F
:1015F0002B0300200021054A1170AA2801D10121E6
:1016000000E00021024A1170704700002A03002008
:101610002903002070B50446002511F0B9FF0B48DE
:1016200000880B49098888420BD00A480749098875
:10163000405C207005480088401CC0B20349088007
:10164000012511F0B7FF284670BD00007A01002087
:10165000780100208824002010B540220A490B4858
:1016600007F0CCFD044664B90848C06B48B1074890
:10167000C06B0068006820F008000449C96B096865
:101680000860204610BD000048240020F00500201E
:1016900070B505462C4694ED000A10EE101A084667
:1016A0000FF0EAFDE8B394ED010A10EE101A0846B7
:1016B0000FF0E2FDA8B394ED020A10EE101A0846EE
:1016C0000FF0DAFD68B394ED030A10EE101A084625
:1016D0000FF0D2FD28B394ED000AB0EEC00AF2EE8E
:1016E000040AB4EEE00AF1EE10FA29D894ED010AEA
:1016F000B0EEC00AF2EE040AB4EEE00AF1EE10FA1F
:101700001ED894ED020AB0EEC00ADFED0E0AB4EE68
:10171000E00AF1EE10FA13D894ED030AB5EEC00A10
:1017200000E00DE0F1EE10FA0ADB94ED030ADFEDC4
:10173000060AB4EEE00AF1EE10FA01D8012070BDFD
:101740000020FCE70000F04200002F442DE9F041AA
:1017500004463D480078062870D2DFE800F003090F
:10176000182B313BAA2C02D101203749087068E0C0
:10177000552C06D1002035490870022032490870E6
:1017800004E0AA2C02D000202F49087059E02F480D
:1017900001780078401C2D4A10702D4844541046A2
:1017A0000078102805D30020114608700320264930
:1017B000087046E02748047004202349087040E080
:1017C000FF2C03D105202049087002E02046FFF7D6
:1017D00011FF36E0FF2C2CD110211D48FFF7EBFD47
:1017E0001C490978884201D1012000E0002006460A
:1017F0001748FFF74DFF0546FFF7EEFEC6B1BDB136
:1018000011F0C6FE1448124AD2E901171368D268D3
:10181000C0E90272C0E9003112F0C4FA0F49086051
:1018200001200F49087011F0C5FE0120BDE8F081CC
:1018300002E02046FFF7DEFE03E0FFE7FFF7CCFE05
:1018400000BF00BF0020F1E7290300202A03002089
:10185000982600202B030020882600202C0300203F
:101860002803002000B58BB000203C4908804FF4CD
:10187000FA70C88088804880394803F0D7FC394A1C
:1018800007CA08AB07C308A9354803F0E3FC36488C
:1018900003F0CAF8182233490C3102A8FEF721FDE3
:1018A00002A9314803F082F9BB20304908700120B9
:1018B00003E0FF212D4A1154401C0F28F9DB2C486E
:1018C00008F08CFF2B48006840F0807029490860C0
:1018D0000020294948600846006840F0010008607F
:1018E00000220121082012F08DF8244908600846E2
:1018F000006808B902F08EFB2148042100230A0287
:10190000CDE900101FA1224812F030FA214803212E
:1019100000234FF40072CDE900101FA1214812F0FE
:1019200025FA2148032100234FF40072CDE900106D
:101930001EA1204812F01AFA1F48012100230A02B2
:10194000CDE900101DA1214812F010FA012801D0A4
:1019500002F060FB11F062FF0BB000BD5C010020E3
:10196000EC230020044201086C23002040230020C7
:1019700028240020FCED00E0001000E09001002091
:1019800080010020466C696768744374726C0000C3
:1019900021410008880100204261726F5461736B1D
:1019A000000000002D3300088401002041495F43FE
:1019B0006F6D6D00F51300088C010020536572698E
:1019C000616C50726F6D707400000000F136000899
:1019D0002DE9F0472DED068BF0EE40AAB0EE6A0A35
:1019E00000F0BAFFB0EE40AA4FF00108FE4890F8B0
:1019F00000900020FD490870FD48407A012802D17E
:101A00004FF0020812E0FA48407A022805D1F9485E
:101A1000007810B14FF0030808E0F548407A02283A
:101A200004D1F148007808B94FF0000809F0B4FB80
:101A300060B30020EC4908704FF47A71EE4808F06A
:101A40000AFE4FF47A71ED4808F005FE4FF47A7102
:101A5000EB4808F000FE4FF47A71EA4808F0FBFD0D
:101A6000E9480AF053FBE9480AF050FBE8480AF05D
:101A70004DFBE8480AF04AFBE7480AF047FBE74815
:101A80000AF044FBBDEC068BBDE8F087D848007A2D
:101A9000012803D10020D449087028E0D2480078FA
:101AA000042809D1DE480078012805D1CE49087004
:101AB0000020DB4908701AE0CB48007840B9CC48D8
:101AC000B0F90000322812DAC74880F800800EE032
:101AD000C5480078012807D0C3480078022803D001
:101AE000C1480078032802D1BF4880F80080BE4872
:101AF0000078022811D1B9F1020F0ED0C94890ED3B
:101B0000000ABB4880ED030AC7480AF0FFFAC7483D
:101B10000AF0FCFA0020C6490880C648007890B94F
:101B2000B148007801280BD0AF480078022807D0D0
:101B3000AD480078032803D0AB480078062802D1CE
:101B40000020A9490870BC4890ED000ADFEDBB0AEF
:101B5000B4EEE00AF1EE10FA08DC90ED000ADFEDD9
:101B6000B80AB4EEE00AF1EE10FA02D200209E4963
:101B70000870B44890ED000ADFEDB00AB4EEE00A58
:101B8000F1EE10FA08DC90ED000ADFEDAD0AB4EEDC
:101B9000E00AF1EE10FA02D2002093490870924850
:101BA000007818B190480078042826D14FF47A7153
:101BB000914808F050FD4FF47A71904808F04BFDC1
:101BC0004FF47A718E4808F046FD4FF47A718D48D3
:101BD00008F041FD8C480AF099FA8C480AF096FA10
:101BE0008B480AF093FA8B480AF090FA8A480AF078
:101BF0008DFA8A480AF08AFA44E77B480078072879
:101C000014D1914801887C4808F025FD8E48418810
:101C10007A4808F020FD8C488188794808F01BFD3F
:101C20008948C188774808F016FD2BE76E48007890
:101C3000052814D14FF4FA616F4808F00CFD4FF4F9
:101C4000FA616E4808F007FD4FF4FA616C4808F03D
:101C500002FD4FF4FA616B4808F0FDFC12E76248A0
:101C6000007801287ED002287DD003287CD0062869
:101C70007BD15F48B0F9000000EE900AF8EEE00A70
:101C800070EE8A0AB0EE600A9FED701ADFED700AFE
:101C900008F06AFFBDEEC00A10EE100A00B208EEAE
:101CA000100A5B4991ED0A0ABDEEC00A10EE101A47
:101CB00008B26FF09502962101F0E7FE00EE100ADF
:101CC000F8EEC00A504890ED0A0AB8EEC81A30EE95
:101CD000010A4E4890ED0A1A30EE010A30EE800AF1
:101CE000BDEEC00A10EE100A04B2494991ED0A0A8D
:101CF000BDEEC00A10EE101A08B26FF095029621E0
:101D000001F0C3FE00EE100AB8EEC00A3E48D0ED66
:101D10000A0AB8EEC81A71EE600A3C4890ED0A1A39
:101D200070EE810A30EEC00ABDEEC00A10EE100A55
:101D300005B2374991ED0A0ABDEEC00A10EE101A3D
:101D400008B26FF09502962101F09FFE00EE100A96
:101D5000B8EEC00A2C48D0ED0A0AB8EEC81A70EEE8
:101D6000810A03E0A4E047E1A3E02BE2274890EDDD
:101D70000A1A70EEC10A30EEC00ABDEEC00A10EEBB
:101D8000100A06B2224991ED0A0ABDEEC00A10EE11
:101D9000101A08B26FF09502962101F076FE00EE5F
:101DA000100AB8EEC00A1848D0ED0A0AB8EEC81AF0
:101DB00071EE600A154890ED0A1A70EEC10A30EE15
:101DC000200ABDEEC00A10EE100A07B2002C49DB53
:101DD000B4F52F7F46DC002D44DBB5F52F7F41DCC9
:101DE000002E3FDB36E0000074010020D40100200B
:101DF0005C01002077010020E0020020EC020020BE
:101E0000F8020020040300205C02002004020020ED
:101E1000B402002030020020D801002088020020F7
:101E20007501002030010020A4250020D0250020CD
:101E30001E03002020010020240100200000AA42EF
:101E40000000AAC2280100206C01002000002F44DD
:101E500000000000B6F52F7F04DC002F02DBB7F591
:101E60002F7F01DD012000E00020FE4908700022E4
:101E70004FF42F71204601F008FEFB49C880002274
:101E80004FF42F71284601F000FEF849C880002267
:101E90004FF42F71304601F0F8FDF549C88000225B
:101EA0004FF42F71384601F0F0FDF249C8808AE105
:101EB00000BFF148B0F9000000EE900AF8EEE00A29
:101EC00070EE8A0AB0EE600A1FED201A5FED200A5C
:101ED00008F04AFEBDEEC00A10EE100A00B208EE8D
:101EE000100AE64890ED0A0AF0EE408AE44890EDC8
:101EF0000A0AB0EE409AE34991ED0A0ABDEEC00A23
:101F000010EE101A08B26FF09502962101F0BDFD97
:101F100000EE100AB8EEC00AF0EE409AB8EEC80A19
:101F200030EE280A30EE090A30EE290ABDEEC00A6A
:101F300010EE100A04B2B8EEC80A30EE680A30EEAD
:101F4000090A30EE690ABDEEC00A10EE100A05B2A9
:101F5000B8EEC80A30EE280A30EE490A30EE690AB7
:101F6000BDEEC00A10EE100A06B2B8EEC80A30EE96
:101F7000680A30EE490A30EE290ABDEEC00A10EEBA
:101F8000100A07B2002C11DBB4F52F7F0EDC002DF8
:101F90000CDBB5F52F7F09DC002E07DBB6F52F7FB4
:101FA00004DC002F02DBB7F52F7F01DD012000E00C
:101FB0000020AC49087000224FF42F71204601F038
:101FC00064FDA949C88000224FF42F71284601F012
:101FD0005CFDA649C88000224FF42F71304601F005
:101FE00054FDA349C88000224FF42F71384601F0F8
:101FF0004CFDA049C880E6E09F48B0F90000A24926
:10200000B1F90010084400EE900AF8EEE00A70EE14
:102010008A0AB0EE600A1FED731A5FED730A08F0CA
:10202000A3FDBDEEC00A10EE100A00B208EE100AC1
:10203000944991ED0A0ABDEEC00A10EE101A08B2DA
:102040006FF09502962101F020FD00EE100AB8EE27
:10205000C00A8A48D0ED0A0AB8EEC81A70EE810AA2
:10206000874890ED0A1A70EE810A30EE200ABDEE24
:10207000C00A10EE100A04B2824991ED0A0ABDEEC0
:10208000C00A10EE101A08B26FF09502962101F006
:10209000FCFC00EE100AB8EEC00A7848D0ED0A0A3F
:1020A000B8EEC81A71EE600A754890ED0A1A70EE23
:1020B000810A30EEC00ABDEEC00A10EE100A05B269
:1020C000704991ED0A0ABDEEC00A10EE101A08B26E
:1020D0006FF09502962101F0D8FC00EE100AB8EEE0
:1020E000C00A6648D0ED0A0AB8EEC81A70EE810A36
:1020F000634890ED0A1A70EEC10A30EEC00ABDEED8
:10210000C00A10EE100A06B25E4991ED0A0ABDEE51
:10211000C00A10EE101A08B26FF09502962101F075
:10212000B4FC00EE100AB8EEC00A5448D0ED0A0A1A
:10213000B8EEC81A71EE600A514890ED0A1A70EEB6
:10214000C10A30EE200ABDEEC00A10EE100A07B236
:10215000002C11DBB4F52F7F0EDC002D0CDBB5F568
:102160002F7F09DC002E07DBB6F52F7F04DC002F64
:1021700002DBB7F52F7F01DD012000E000203949A7
:10218000087000224FF42F71204601F07EFC364982
:10219000C88000224FF42F71284601F076FC3349A5
:1021A000C88000224FF42F71304601F06EFC304998
:1021B000C88000224FF42F71384601F066FC2D498B
:1021C000C88000E000BF00BF2749C98808B20022CC
:1021D0004FF42F7101F059FC2349C8802349C98865
:1021E00008B200224FF42F7101F04FFC1F49C88044
:1021F0001F49C98808B200224FF42F7101F045FC35
:102200001B49C8801B49C98808B200224FF42F71AE
:1022100001F03BFC1749C8801748B0F9000032288C
:102220003DDA4FF47A71104808F015FA4FF47A71DC
:102230000E4808F010FA4FF47A710D4808F00BFAC6
:102240004FF47A710B4808F006FA0C4809F05EFF6B
:102250000B4809F05BFF0B4809F058FF0B4809F0E9
:1022600055FF15E0D4010020E0020020EC02002020
:10227000F8020020040300205C0100205C02002022
:1022800004020020B40200201E03002030020020BF
:10229000164809F03BFF164809F038FFACE4154832
:1022A000C088144A1289104481B2124808F0D3F948
:1022B0001148C088104A1289104481B20E4808F0B3
:1022C000CAF90E48C0880D4A1289104481B20B48E1
:1022D00008F0C1F90A48C088094A1289104481B23D
:1022E000074808F0B8F900BF86E40000D8010020D4
:1022F00088020020E0020020EC020020F80200200A
:102300000403002010B52DED028BB0EE408A264864
:10231000007802280BD0002024490880244809F0C6
:10232000F5FE244809F0F2FEBDEC028B10BD2248F8
:1023300090ED030A1E4880ED080A204890ED000A3F
:102340001B4880ED090AB0EE480A09F033FF18482F
:10235000D0ED0A0AB0EE600AB7EE001AFFEE000AEE
:1023600008F002FC134880ED080A154890ED000AB9
:10237000104880ED090AB0EE480A09F01BFF0D482D
:10238000D0ED0A0AB0EE600A9FED0E1ADFED0E0ADC
:1023900008F0EAFBBDEEC00A10EE100A00B20349D5
:1023A000088000BFC0E70000740100201E03002069
:1023B000A4250020D02500205C0100203001002051
:1023C0003401002000001643000016C310B5064873
:1023D00008F018F9054808F015F9054808F012F951
:1023E000044808F00FF910BDE0020020EC020020C4
:1023F000F80200200403002070B52DED048BF0EEF0
:10240000408A03F0E7FAB0EE408AA248007801283B
:1024100007D0A0480078022803D09E4800780328FF
:1024200001D1012000E00020044654B19A48B0F9DF
:102430000000B0F5E17F04DB9848007808B901207E
:1024400000E0002005469648007820B108F062FEC2
:1024500008B1012000E0002006462CB18E48B0F9FA
:102460000000B0F5E17F08DA8E4809F069FE8E4879
:1024700009F066FE8D4809F063FE8D4890ED000A74
:102480008C4880ED080A83480078032815D18248DB
:10249000B0F9040000EE100AB8EEC00ADFED860ABB
:1024A00030EE600ADFED850A80EE201A814890ED5B
:1024B000080A31EE000A80ED080A814890ED000A12
:1024C0007C4880ED090A7F4890ED000A764880ED4F
:1024D000090AB0EE680A774809F06CFE754890ED7D
:1024E0000A0A714880ED080AB2EE041ADFED720A9A
:1024F0002946B0EE680A09F0E5FE734890ED000A3F
:10250000724880ED080A63480078032815D16248B4
:10251000B0F9060000EE100AB8EEC00ADFED660A58
:1025200030EE600ADFED650A80EE201A674890ED14
:10253000080A31EE000A80ED080A654890ED000AAD
:10254000624880ED090A634890ED000A554880ED25
:10255000090AB0EE680A5D4809F02CFE5B4890ED70
:102560000A0A504880ED080AB2EE041ADFED520A5A
:102570002946B0EE680A09F0A5FE7CB9564890EDF0
:10258000000A564880ED000A002055490870474867
:1025900009F0BCFD534809F0B9FD77E046B1B0EE53
:1025A000C80ADFED510AB4EEE00AF1EE10FA1FDDC1
:1025B0003E4880ED088A4D4890ED000A3B4880ED8A
:1025C000090A454890ED000A444880ED000A0120C0
:1025D00043490870434809F099FDB2EE041ADFED53
:1025E000360A2946B0EE680A304809F06BFE4DE025
:1025F0003B48007860B9384890ED000A374880EDD4
:10260000000A384809F082FD0120354908703DE094
:102610003248D0ED000A304890ED001A70EEC10A41
:10262000B0EE600A0EF0D2FDB0EE409A2B4890ED6D
:10263000000A2C4880ED080A284890ED000A30EE88
:10264000490A284880ED090AB0EE680A09F0B2FD8F
:102650002448D0ED0A0AB0EE600A9FED251ADFED9E
:10266000250A08F081FA114880ED080A1F4890ED0C
:10267000000A0E4880ED090AB2EE041ADFED0E0AD8
:102680002946B0EE680A09F01DFE00BFBDEC048BC0
:1026900070BD0000740100205C010020D401002006
:1026A0004C0100205C02002004020020B402002043
:1026B0001C010020D80100200000FA43000048421D
:1026C000280100203C0100201801002030020020D9
:1026D00024010020380100202C01002018030020D4
:1026E0001C030020880200200AD7233C4001002060
:1026F0000000A0420000A0C230B589B00024884884
:102700000078062803D0874800888749088003F0AE
:1027100059FD86490968401A502840D94FF4FA708B
:102720008049C8808880488081480078401CC0B2B9
:102730007F490870142818DB002008707A48B0F927
:102740000000C82806DD78480088401E00B276499F
:1027500008800AE07448B0F90000C82805DA724819
:102760000088401C00B27049088000206D49088034
:1027700048720120087200206E49087001206E49DD
:1027800008700020664908706C48007828B901205C
:102790006A4908700D2001F0D9F809B030BD002059
:1027A0006649087010F0F4FE6548007801280ED1E3
:1027B00000206349087000BF06E0624931F810103C
:1027C00006AA22F81010401C0628F6DB012410F09F
:1027D000F1FE6CB3BDF81C10A1F57A7108B20022AD
:1027E0004FF47A7101F051F957490880BDF8200083
:1027F00040F21451884203D200204A4948720CE04A
:10280000BDF8200040F2A461884203D2012045496E
:10281000487202E0022043494872BDF8220040F2AB
:10282000A461884201DD012000E000203D490872DA
:102830004FF4FA703B498880C88048804248B0F91C
:10284000000008800846407A022805D000203A4956
:1028500008703849087061E037480078E8BBC82143
:102860006846FEF775FEC0B39DED001ADFED371A1E
:10287000DFED370A41EE210AB0EE600A0EF0D0FF1C
:1028800005B200224FF47A71284601F0FEF825497E
:10289000C8809DED011ADFED2D1ADFED2D0A41EE06
:1028A000210AB0EE600A0EF0BBFF05B200224FF421
:1028B0007A71284601F0E9F81A4988809DED021ADC
:1028C000DFED241ADFED220A41EE210AB0EE600AA4
:1028D0000EF0A6FF05B2002200E019E04FF47A7175
:1028E000284601F0D2F80F494880DDED030AB0EE2A
:1028F000600A0EF095FF05B200224FF42F712846B2
:1029000001F0C3F80749088001200A49087005E072
:1029100000200849087001200749087000BF3CE703
:10292000740100205C01002020030020140300201B
:102930002603002077010020250300202403002027
:102940001103002008260020220300200000484236
:102950000000FA4355558540F0EE400A9FED010A0C
:10296000704700000000000070B507F007F9D020A4
:1029700000F0C5FC0446582C38D05C217DA0FDF742
:10298000E3FC28B15C217BA0FDF7DEFC401C00E0ED
:1029900078A006462F21FDF7D7FC88B15C2175A0F1
:1029A000FDF7D2FC28B15C2172A0FDF7CDFC401CE4
:1029B00000E070A006462F21FDF7C6FC401C0BE08E
:1029C0005C216CA0FDF7C0FC28B15C2169A0FDF77B
:1029D000BBFC401C00E067A005462346492229466F
:1029E0006AA010F061FD4FF0FF3070BDB621E0200D
:1029F00000F092FC10B14FF0FF30F6E70A2010F023
:102A000023FE00F00FF9002837D05C2159A0FDF714
:102A10009BFC28B15C2157A0FDF796FC401C00E010
:102A200054A006462F21FDF78FFC88B15C2151A0F0
:102A3000FDF78AFC28B15C214EA0FDF785FC401C07
:102A400000E04CA006462F21FDF77EFC401C0BE069
:102A50005C2148A0FDF778FC28B15C2145A0FDF77A
:102A600073FC401C00E043A005465522294651A0B6
:102A700010F01AFD4FF0FF30B7E75721F42000F0B7
:102A80004BFC28B91021F52000F046FC002837D077
:102A90005C2138A0FDF758FC28B15C2135A0FDF77A
:102AA00053FC401C00E033A006462F21FDF74CFCF0
:102AB00088B15C212FA0FDF747FC28B15C212DA037
:102AC000FDF742FC401C00E02AA006462F21FDF73E
:102AD0003BFC401C0BE05C2126A0FDF735FC28B137
:102AE0005C2124A0FDF730FC401C00E021A005463D
:102AF0005B2229463AA010F0D7FC4FF0FF3074E774
:102B0000642010F0A1FD5C211AA0FDF71DFC28B186
:102B10005C2118A0FDF718FC401C00E015A006463B
:102B20002F21FDF711FC88B15C2112A0FDF70CFCF0
:102B300028B15C210FA0FDF707FC401C00E00DA0B0
:102B400006462F21FDF700FC401C0BE05C2109A08C
:102B5000FDF7FAFB28B15C2106A0FDF7F5FB401C50
:102B600000E004A005465F22294627A010F09CFC47
:102B700000203AE74170706C69636174696F6E5C44
:102B8000424D503338382E63000000005B25733A05
:102B900025645D20424D5033383820496E697420D9
:102BA0004552524F52212049443D30782530325809
:102BB0000D0A00005B25733A25645D20424D5033B9
:102BC00038382063616C6962726174696F6E20725B
:102BD000656164206661696C6564210D0A0000000E
:102BE0005B25733A25645D20424D503338382063AD
:102BF0006F6E66696775726174696F6E2066616970
:102C00006C6564210D0A00005B25733A25645D2024
:102C1000424D5033383820496E6974204F4B210D96
:102C20000A00000000B587B0182301AA8821EC2013
:102C30000BF039F818B14FF0FF3007B000BD9DF828
:102C400004009DF8051040EA0120334908809DF8F2
:102C500006009DF8071040EA012000B22E49488086
:102C60009DF808009DF8091040EA012000B22A49A9
:102C700088809DF80A009DF80B1040EA0120264943
:102C8000C8809DF80C009DF80D1040EA012000B2AC
:102C9000214908819DF80E009DF80F1040EA01209F
:102CA00000B21D4948819DF810009DF8111040EABE
:102CB000012000B2184988819DF812009DF8131078
:102CC00040EA012000B21449C8819DF814009DF823
:102CD000151040EA012000B20F4908829DF8160045
:102CE0009DF8171040EA012000B20B4948829DF878
:102CF00018009DF8191040EA012000B206498882A8
:102D00009DF81A009DF81B1040EA012000B202490C
:102D1000C882002091E7000088250020F0B52DED45
:102D2000108B87B005460C4628780003697840EA86
:102D30000110A97840EA1116E8780003297940EAE1
:102D40000110697940EA1117FE49B1F90200FDF757
:102D500005FF41EC1C0BFB490888FDF710FF41EC17
:102D60001F0B9FEDF90B53EC102BFDF788FECDE9FF
:102D700004013846FDF7F2FE41EC1F0B9FEDF40B0A
:102D800053EC102BFDF77BFE41EC1E0B9DED040B6D
:102D900053EC102BFDF7FBFD41EC1D0B53EC1C2BF2
:102DA000FDF7FBFD41EC180BE649B1F90400FDF716
:102DB000D5FECDE90401E3490888FDF7E0FE41ECCA
:102DC0001F0B9FEDE50B53EC102BFDF758FE41EC6C
:102DD0001D0B3846FDF7C2FE41EC1F0B9FEDE00BCB
:102DE00053EC102BFDF74BFE41EC1E0B53EC1D2B4F
:102DF000FDF7CDFD41EC1C0BD2490888FDF7BFFE65
:102E000041EC1F0B9FEDD40B53EC102BFDF737FE5D
:102E100041EC1D0B3846FDF7A1FE41EC1F0B9FED69
:102E2000D00B53EC102BFDF72AFE41EC1E0B53EC9C
:102E30001D2BFDF7ACFD53EC1C2BCDE900019DEDE6
:102E4000000B51EC100BFDF7A8FDCDE902019DED43
:102E5000040B53EC102B9DED020B51EC100BFDF706
:102E60009CFD41EC190B53EC192B51EC180BFDF7A1
:102E7000EDFC41EC1C0BFDF78FFEB249886153EC71
:102E8000192B51EC180BFDF7E1FC41EC1D0B9FEDEC
:102E9000B60B53EC102BFDF7F2FD41EC1C0BFDF7CC
:102EA000C5FE2060A7498869FDF758FE41EC1D0B5F
:102EB0009FEDAF0B53EC102BFDF7E1FD41EC1C0B2C
:102EC0009FEDAD0B53EC102BFDF761FD41EC180BA2
:102ED0009C49B1F91000FDF741FE41EC1D0B53EC8C
:102EE000182B51EC180BFDF758FD41EC1E0B53EC61
:102EF0001D2BFDF752FD41EC1C0B9FEDA10B53EC7C
:102F0000102BFDF7BCFD41EC190B8E49B1F90E00F9
:102F1000FDF724FE41EC1E0B53EC182BFDF73DFD95
:102F200041EC1D0B9FED920B53EC102BFDF735FD83
:102F300041EC1C0B53EC192BFDF788FC41EC190BF1
:102F40008049B1F90C00FDF709FE41EC1E0B9FED25
:102F50008E0B53EC102BFDF720FD41EC1C0B9FED6D
:102F60008C0B53EC102B51EC190BFDF788FD41EC49
:102F70001D0B53EC1C2BFDF769FC41EC190B71493F
:102F8000B1F90800FDF7EAFD41EC1F0B53EC182BDB
:102F9000FDF703FD41EC1D0B6A49B1F90A00FDF78D
:102FA000DDFD53EC182BCDE902019DED020B51EC38
:102FB000100BFDF7F2FC53EC182BCDE904019DED4D
:102FC000040B51EC100BFDF7E8FC41EC1F0B9FEDDF
:102FD000720B53EC102BFDF752FD41EC1E0B53EC22
:102FE0001D2BFDF733FC41EC1C0B9FED6B0B53ECE1
:102FF000102BFDF744FD41EC180B5249C888FDF732
:10300000BEFD41EC1C0B9FED5E0B53EC102B51EC05
:10301000180BFDF734FD41EC1E0B9FED610B53ECDB
:10302000102BFDF713FC41EC1D0B53EC1C2BFDF793
:10303000B4FC41EC180B9FED5C0B53EC102B51ECE6
:10304000180BFDF7DBFD04D19FED590A84ED010A51
:10305000CFE03046FDF782FD41EC1C0B9FED550B98
:1030600053EC102BFDF796FC41EC1A0B9FED530B24
:1030700053EC102B51EC190BFDF701FD41EC1E0B2D
:1030800053EC1A2BFDF786FC41EC1D0B9FED4D0B0D
:1030900053EC102BFDF781FC41EC1C0B53EC182B6F
:1030A000FDF7EDFC41EC1A0B2649B1F91600FDF7CE
:1030B00055FD41EC1E0B53EC1A2BFDF76EFC41EC59
:1030C0001D0B53EC1A2BFDF768FC41EC1C0B9FED1C
:1030D0003F0B53EC102BFDF7D2FC41EC180B1949B8
:1030E000B1F91400FDF73AFD41EC1D0B53EC1A2B1E
:1030F000FDF753FC41EC1C0B9FED210B53EC102B07
:10310000FDF7BDFC41EC190B0E49B1F91200FDF7BA
:1031100025FD41EC1E0B53EC192B51EC180BFDF760
:1031200095FB41EC1F0B53EC1E2BFDF78FFB41EC85
:103130001D0B9FED280B53EC102BFDF7A0FC41EC71
:103140001C0B4BE088250020000000000000904090
:10315000000000000000D040000000000000C0405F
:103160000000000000000041000000000000B4402A
:103170000000000000000040000000000040EF40A0
:10318000000000000000E040000000000000F040EF
:10319000000000000000104000000000000020417E
:1031A000000000000000F03F0000000000000000F0
:1031B000000000000000000000003041000000009E
:1031C0000000B04000000000006AB84000000000AD
:1031D0000000E041000000000000304053EC1A2BDA
:1031E000FDF734FB41EC1A0B51EC1A0BFDF71EFDF9
:1031F00060601FED11BA94ED010ADFED310AB4EE03
:10320000E00AF1EE10FA17DD94ED010ADFED2D0A68
:1032100080EE201AF0EE41BADFED2B0AB0EE6B0A19
:103220000EF060FBF7EE000A30EEC00ADFED270A71
:1032300020EE200AB0EE40BA2548007898BB94ED05
:10324000010ADFED240AB4EEE00AF1EE10FA25DD02
:1032500094ED010ADFED200AB4EEE00AF1EE10FA77
:103260001CD21E4890ED000A30EE0B0A80ED000AD9
:103270001B480068401C1A4908600846006832284C
:103280000CDB164890ED000ADFED160A80EE201ADE
:10329000154880ED001A01200D4908701FED3C0A09
:1032A00084ED020A07E0FFE70F4890ED000A3BEECD
:1032B000400A84ED020A07B0BDEC108BF0BD00009F
:1032C00000401C46F375C347B1DC423E002A2D473F
:1032D000C001002000409C47009CE047C80100203E
:1032E000C401002000004842BC01002010B5044683
:1032F00006232246F721EC200AF0D5FC10BD38B594
:1033000004460020009001236A462146EC200AF082
:10331000CAFC9DF8000038BD13B50446012301AA7C
:103320002146EC200AF003FD1CBD00002DED028BB0
:1033300084B00026FFF718FB002838D05C21B3A02A
:10334000FDF702F828B15C21B0A0FCF7FDFF401C9E
:1033500000E0AEA007462F21FCF7F6FF88B15C2104
:10336000AAA0FCF7F1FF28B15C21A8A0FCF7ECFFB4
:10337000401C00E0A5A007462F21FCF7E5FF401CFC
:103380000BE05C21A1A0FCF7DFFF28B15C219FA02E
:10339000FCF7DAFF401C00E09CA0054640F2A122A9
:1033A0002946A1A010F080F8002010F05DFA00F08E
:1033B000EBFB002838D05C2194A0FCF7C5FF28B1B6
:1033C0005C2192A0FCF7C0FF401C00E08FA00746E4
:1033D0002F21FCF7B9FF88B15C218CA0FCF7B4FF6A
:1033E00028B15C2189A0FCF7AFFF401C00E087A05A
:1033F00007462F21FCF7A8FF401C0BE05C2183A0AF
:10340000FCF7A2FF28B15C2180A0FCF79DFF401CC7
:1034100000E07EA0054640F2A62229468DA010F0CD
:1034200043F8002010F020FA07F07AFE012008F09F
:103430003BF8002838D15C2174A0FCF785FF28B147
:103440005C2172A0FCF780FF401C00E06FA00746E3
:103450002F21FCF779FF88B15C216CA0FCF774FF89
:1034600028B15C2169A0FCF76FFF401C00E067A059
:1034700007462F21FCF768FF401C0BE05C2163A08E
:10348000FCF762FF28B15C2160A0FCF75DFF401CE7
:1034900000E05EA005464FF42B7229467AA010F09A
:1034A00003F8002010F0E0F95C2158A0FCF74CFF75
:1034B00028B15C2155A0FCF747FF401C00E053A059
:1034C00007462F21FCF740FF88B15C214FA0FCF795
:1034D0003BFF28B15C214DA0FCF736FF401C00E00B
:1034E0004AA007462F21FCF72FFF401C0BE05C2170
:1034F00046A0FCF729FF28B15C2144A0FCF724FF7B
:10350000401C00E041A0054640F2AF222946694830
:103510000FF0CAFF6848446876E067484568281B92
:1035200000EE100AF8EE400A644890ED000AB8EE8A
:10353000400A80EE801AB0EE418A2C466048FFF7C0
:10354000D5FE68BB5F495E48FFF7E8FB5E4801F0C7
:1035500075F98DED010ACDED020A8DED031A9DED91
:10356000030ADFED5A0A20EE200AF0EE408A5548A1
:10357000D0ED020AB0EE600AB0EE481AF0EE680A2A
:10358000534807F08BF8524890ED000A514880EDFF
:10359000000A4F4890ED010A4F4880ED000A00BF35
:1035A0004E4800F06DFC18B310F0FCFB074639469E
:1035B0004A4807F0F1FF07F0ADFDA0B107F0A0FD0C
:1035C0000746474A3946454800F06AFA58B10FF0B5
:1035D000DFFF4448424B0ECB0EC001204249087029
:1035E0000FF0E8FF02E000203F490870002607E0E6
:1035F00000203D4908701EB901260B2000F0A6F9F5
:10360000142010F021F800BF87E700004170706CB3
:1036100069636174696F6E5C4170705F6672656545
:1036200052544F532E6300005B25733A25645D208E
:10363000424D5033383820696E6974206661696C78
:103640006564212048616C74696E67207461736BD6
:103650002E0D0A005B25733A25645D20436F6D7063
:1036600061737320696E6974206661696C65642199
:103670002048616C74696E672073656E736F722089
:103680007461736B2E0D0A005B25733A25645D200F
:103690004D4147206175746F2063616C696272618E
:1036A00074696F6E207374617274206661696C65F1
:1036B000640D0A0014440108001000E07C000020A2
:1036C00010010020602300206C2300200AE81C4128
:1036D0002824002030010020340100204401002073
:1036E000102400201C2400204C01002000BFFEE715
:1036F00008B519E04FF0FF3269460C48006810F039
:1037000083FA012810D19DF8000000F015F8044656
:103710004CB10A200FF098FF214605A00FF0C4FE1F
:1037200014200FF091FF00BFE4E70000900100209B
:1037300025730D0A00000000014611292AD2DFE896
:1037400001F029090B0D0F11131517191B1D1F214E
:10375000232527001048704710A0FCE713A0FAE7C4
:103760001648F8E71648F6E716A0F4E720A0F2E7B7
:103770002C48F0E72CA0EEE73AA0ECE73EA0EAE701
:103780004BA0E8E751A0E6E759A0E4E761A0E2E733
:1037900066A0E0E70020DEE7584401085B464C499C
:1037A0004748545D2041524D454400005B464C491A
:1037B0004748545D204C4F434B454400E4440108C6
:1037C0002C4501085B4D41475D2043414C20494E4B
:1037D0002050524F47524553533A206B6565702035
:1037E000726F746174696E6720736C6F776C7900A7
:1037F0005B4D41475D2043414C2056414C4944417B
:1038000054494E473A206B65657020726F7461743D
:10381000696E6720666F722061626F757420313047
:1038200020730000A04401085B4D41475D204341E7
:103830004C204641494C45443A2072656D6F76658F
:10384000206D61676E6574696320696E7465726668
:103850006572656E636520616E642072657472794D
:10386000000000005B4D41475D2043414C20414238
:103870004F525445440000005B4D41475D20524586
:103880004144204641494C45443A20636865636B96
:1038900020484D43353838334C20706F776572209F
:1038A000616E642049324320776972696E67000057
:1038B0005B4D41475D20494E544552464552454E69
:1038C0004345204445544543544544005B52435DC1
:1038D0002050504D204C4F53543A20666C69676815
:1038E00074206F7574707574206C6F636B65640001
:1038F0005B494D555D204641494C5552453A20663D
:103900006C69676874206F7574707574206C6F6370
:103910006B6564005B464C494748545D20454D4506
:103920005247454E43592053544F50005B4E4F541D
:103930004943455D2070656E64696E6720616C6502
:1039400072742073746F70706564000001B50A486A
:10395000006838B19DF80000002803DD9DF80000E4
:10396000112801DB002008BD00231A4669460248E1
:10397000006810F0BDF8F6E7900100200346042B24
:1039800015D007DC7BB1012B0ED0022B0DD0032B01
:1039900012D10BE0202B0BD0212B0AD0222B09D0E7
:1039A000232B09D107E008E007E006E005E004E08A
:1039B00003E002E001E000E000BF00BF002070472C
:1039C0000020704710B50022044905480BF037FA73
:1039D000044903480BF024FA002010BDBC1300205A
:1039E000E0060020BC0B002070B505460C462068A0
:1039F0007F2801D2206800E07F2006463246294613
:103A00000848FCF76EFC002006498855012006494D
:103A10000870294605480BF003FA04480BF0CCF96E
:103A2000002070BDBC1B002058000020E0060020D4
:103A300010B503460C460021084610BD2DE9F041A3
:103A400004460D4600260A48D0F8BC72D7F8140286
:103A500010B10120BDE8F0812A46214604480BF050
:103A6000EEF903480BF09EFA06463046F2E70000F6
:103A7000E006002003468B4201DA08467047934275
:103A800001DD1046FAE71846F8E703468B4201DDF0
:103A900008467047934201DA1046FAE71846F8E7FD
:103AA000034603B10AB90020704701B91F49B3F9B1
:103AB000000001EE900AF8EEE11A91ED002A71EE95
:103AC000C21A91ED032A21EE820AB3F9020001EE37
:103AD000900AF8EEE11A91ED012A71EEC21A91ED09
:103AE000042A61EE820AB3F9040001EE900AF8EEAE
:103AF000E11A91ED022A71EEC21A91ED052A21EE2A
:103B0000821ADFED0B1A60EE211AC2ED001ADFED0A
:103B1000081A60EEA11AC2ED011ADFED051A61EE76
:103B2000211AC2ED021A0120BEE700002842010856
:103B3000D1E3BB3D024602B109B90020704750787D
:103B4000137840EA032000B20880D078937840EAE6
:103B5000032000B288805079137940EA032000B234
:103B60004880B1F9000010F5805F09D0B1F902007A
:103B700010F5805F04D0B1F9040010F5805F01D129
:103B80000020DBE70120D9E730B587B05C218BA0AE
:103B9000FCF7DAFB28B15C2188A0FCF7D5FB401CC0
:103BA00000E086A005462F21FCF7CEFB88B15C2102
:103BB00082A0FCF7C9FB28B15C2180A0FCF7C4FB04
:103BC000401C00E07DA005462F21FCF7BDFB401CFA
:103BD0000BE05C2179A0FCF7B7FB28B15C2177A052
:103BE000FCF7B2FB401C00E074A0044622222146F0
:103BF00078A00FF059FC002006900A20012106AAA7
:103C00000B46CDE90021029002463C217B4802F0A0
:103C1000C7FB00287CD15C2168A0FCF795FB28B18C
:103C20005C2166A0FCF790FB401C00E063A0054609
:103C30002F21FCF789FB88B15C2160A0FCF784FB95
:103C400028B15C215DA0FCF77FFB401C00E05BA07D
:103C500005462F21FCF778FB401C0BE05C2157A0A8
:103C6000FCF772FB28B15C2154A0FCF76DFB401CF3
:103C700000E052A004469DF818302722214660A09B
:103C80000FF012FC782005900A20012105AA0B46AE
:103C9000CDE90021029000223C21584802F004FDA9
:103CA000202004900A20012104AA0B46CDE900211E
:103CB00002900A463C21514802F0F6FC0020039095
:103CC0000A20012103AA0B46CDE90021029002221D
:103CD0003C214A4802F0E8FC5C2138A0FCF734FBA8
:103CE00028B15C2135A0FCF72FFB401C00E033A07D
:103CF00005462F21FCF728FB90B15C212FA0FCF793
:103D000023FB30B15C212DA0FCF71EFB401C01E021
:103D10001BE02AA005462F21FCF716FB401C0BE0F8
:103D20005C2126A0FCF710FB28B15C2123A0FCF746
:103D30000BFB401C00E021A00446322221463BA0A0
:103D40000FF0B2FB002007B030BD5C211BA0FCF7D8
:103D5000FBFA28B15C2119A0FCF7F6FA401C00E040
:103D600016A005462F21FCF7EFFA88B15C2113A0BD
:103D7000FCF7EAFA28B15C2110A0FCF7E5FA401C38
:103D800000E00EA005462F21FCF7DEFA401C0BE0F8
:103D90005C210AA0FCF7D8FA28B15C2107A0FCF747
:103DA000D3FA401C00E005A004463622214628A094
:103DB0000FF07AFB4FF0FF30C5E700004170706CE8
:103DC00069636174696F6E5C436F6D706173732EAC
:103DD000630000005B25733A25645D202D2D2D20A6
:103DE000496E697469616C697A696E6720484D43F0
:103DF000353838334C202D2D2D0D0A00940300202A
:103E00005B25733A25645D20484D43353838334C83
:103E100020526573706F6E64656421202849443AAE
:103E200020307825303258290D0A00005B25733A7E
:103E300025645D20484D43353838334C20496E6940
:103E400074205375636365737366756C210D0A0086
:103E50005B25733A25645D20484D43353838334C33
:103E600020496E6974204661696C6564212043684D
:103E700065636B20576972696E672E0D0A0000003A
:103E80003EB5044614200621084A0123CDE900214D
:103E9000029003223C21064802F082FA08B1002079
:103EA0003EBD21460148FFF745FEF9E7CC01002061
:103EB0009403002010B5024801F05CFE10BD000024
:103EC000E803002010B5024801F054FE10BD0000C8
:103ED0003806002010B5024801F04CFE10BD00006D
:103EE000A004002010B5024801F044FE10BD0000FF
:103EF000000500200146087810381823B0FBF3F2C3
:103F00000848805CC865032A05D908686FF3090072
:103F1000001D886503E008686FF309008865886DF7
:103F200070470000E4410108014600208A6A8B695D
:103F3000CBB932B1012A0DD0022A03D0032A10D105
:103F40000EE000BFCB6A03F08073B3F1807F00D135
:103F5000012007E0CB6AB3F1C07F00D1012001E06E
:103F600000E000BF34E08B69B3F5005F1AD132B1D5
:103F7000012A07D0022A03D0032A11D10AE000BF88
:103F800001200EE0CB6A03F08073B3F1807F00D193
:103F9000012006E0CB6AB3F1C07F00D1012000E030
:103FA00000BF15E032B1012A05D0022A04D0032A4D
:103FB0000CD103E000BF00BF012008E0CB6A03F092
:103FC0008073B3F1807F00D1012000E000BF00BF0B
:103FD000704730B50468246824F4802405682C6098
:103FE000046863608468402C04D10468A26004689B
:103FF000E16003E00468A1600468E26030BD7047DE
:1040000010B5042001F0C8FF10BD10B5402001F02C
:10401000C3FF10BD4FF47A70074909684863064929
:104020000968886304490968C86303490968086422
:1040300072B600BFFEE700006005002000B52DED60
:10404000060B89B009A807C803AB07C30CA807C8AB
:1040500006AB07C3DDED082A9DED072ADDED061A44
:104060009DED051ADDED040A9DED030A01F0F8FB54
:104070008DED000ACDED010A8DED021A9DED021ABB
:10408000DDED010A9DED000A01F096FCB5EEC00AD7
:10409000F1EE10FA29D2DDED0E2A9DED0D2ADDEDAF
:1040A0000C1A9DED0B1ADDED0A0A9DED090A01F0CF
:1040B000A2FB8DED060ACDED070A8DED081A9DEDE8
:1040C000081ADDED070A9DED060A01F02AFC8DEDC8
:1040D000030ACDED040A8DED051A9DED030ADDED11
:1040E000040A9DED051A0FB000BDDDED0E2A9DED11
:1040F0000D2ADDED0C1A9DED0B1ADDED0A0A9DED82
:10410000090A01F078FB8DED000ACDED010A8DED75
:10411000021A9DED000ADDED010A9DED021AE2E7AB
:104120002DED0A8B94B05C21FEA0FCF70DF928B1AF
:104130005C21FCA0FCF708F9401C00E0F9A08046D7
:104140002F21FCF701F988B15C21F6A0FCF7FCF8FF
:1041500028B15C21F3A0FCF7F7F8401C00E0F1A0C7
:1041600080462F21FCF7F0F8401C0BE05C21EDA00D
:10417000FCF7EAF828B15C21EAA0FCF7E5F8401C5E
:1041800000E0E8A006464FF405723146ECA00FF0BF
:104190008BF900245C21E3A0FCF7D6F828B15C2160
:1041A000E0A0FCF7D1F8401C00E0DEA080462F2103
:1041B000FCF7CAF888B15C21DAA0FCF7C5F828B191
:1041C0005C21D8A0FCF7C0F8401C00E0D5A08046D8
:1041D0002F21FCF7B9F8401C0BE05C21D1A0FCF7C3
:1041E000B3F828B15C21CFA0FCF7AEF8401C00E08A
:1041F000CCA0064640F217223146DBA00FF054F95E
:1042000006F03CF8002835D05C21C6A0FCF79CF8ED
:1042100028B15C21C3A0FCF797F8401C00E0C1A0C6
:1042200080462F21FCF790F888B15C21BDA0FCF7F7
:104230008BF828B15C21BBA0FCF786F8401C00E09D
:10424000B8A080462F21FCF77FF8401C0BE05C21D2
:10425000B4A0FCF779F828B15C21B2A0FCF774F89F
:10426000401C00E0AFA0064640F21A223146C7A02B
:104270000FF01AF95C21ABA0FCF766F828B15C21BD
:10428000A8A0FCF761F8401C00E0A6A080462F2102
:10429000FCF75AF888B15C21A2A0FCF755F828B1C8
:1042A0005C21A0A0FCF750F8401C00E09DA08046D7
:1042B0002F21FCF749F8401C0BE05C2199A0FCF78A
:1042C00043F828B15C2197A0FCF73EF8401C00E0C1
:1042D00094A006464FF407723146B8A00FF0E4F8F8
:1042E000C3484768DFEDC38A9FEDC39A8EE24FF063
:1042F000FF32012100200FF081F80546DDBBBF48E9
:104300000078022805DABD480078401CBB490870D7
:104310002EE00420BA4908700020BA490870002431
:10432000B9490880B94807F0F1FEB94807F0EEFE38
:10433000B84807F0EBFEB84807F0E8FEB74807F0CA
:10434000E5FEB74807F0E2FE4FF47A71B54806F093
:1043500082F94FF47A71B44806F07DF94FF47A711E
:10436000B24806F078F94FF47A71B14806F073F963
:104370009F4847684AE2FFE7002D7CD000209F4914
:1043800008709F48007804280BD1142C01DA601CB7
:1043900084B2142C01DB012000E000209949087050
:1043A00003E0002400209749087091484668F01BFC
:1043B00000EE100AF8EE400A9E4890ED000AB8EEB2
:1043C000400A80EE808A37469B4880789A4949782F
:1043D00040EA012000B200EE100AB8EEC00AF0EE8A
:1043E000409A954800799449C97840EA012000B282
:1043F00000EE100AB8EEC00AB0EE40AA8E488079EE
:104400008D49497940EA012000B200EE100AB8EE69
:10441000C00AF0EE40AA9FED890A39EEC00AF0EE1C
:10442000409A9FED870A3AEE400AB0EE40AA9FED0F
:10443000850A3AEEC00AF0EE40AA7F48807A7E49AB
:10444000497A40EA012000B200EE100AB8EEC0BA84
:104450007948007B7849C97A40EA012000B200EE31
:10446000100AF8EEC0BA7448807B7349497B40EA71
:10447000012000B200E0C8E100EE100AB8EEC0CAA8
:1044800029EEA80ADFED700A80EE201A8DED111AD0
:104490002AEE280ADFED6D0A80EE201A8DED121A41
:1044A0002AEEA80ADFED6A0A80EE201A8DED131AB3
:1044B0002BEE090A8DED0E0A2BEE890A8DED0F0AFF
:1044C0002CEE090A8DED100A0FF062F8614A07CA56
:1044D0000BAB07C3604890F800800FF06BF89DEDC0
:1044E0000C0A8DED080A9DED0B0A8DED090A9DED74
:1044F0000D0AB1EE400A8DED0A0A9DED101ADDEDB0
:104500000F0A9DED0E0A554800F0C2FE8DED0E0A11
:10451000CDED0F0A8DED101AB8F1000F00D09FE01D
:10452000B9E000004170706C69636174696F6E5C22
:104530004170705F6672656552544F532E63000080
:104540005B25733A25645D203D3D3D20466C6967DF
:104550006874207461736B20737461727465642075
:104560003D3D3D0D0A0000005B25733A25645D204A
:10457000496E697469616C697A696E672049434D57
:104580003432363838502E2E2E0D0A005B25733A01
:1045900025645D2049434D34323638385020696EE9
:1045A0006974206661696C6564212048616C746976
:1045B0006E67207461736B2E0D0A00005B25733AE1
:1045C00025645D2049434D34323638385020696EB9
:1045D0006974204F4B2C20656E746572696E67207C
:1045E0006D61696E206C6F6F702E0D0A0000000007
:1045F000001000E00000003A00007A3DA801002011
:1046000074010020750100205C0100205C02002084
:1046100004020020B402002030020020D801002053
:1046200088020020E0020020EC020020F8020020B6
:10463000040300207C0000204F230020CDCCCC3D83
:10464000CDCCECC06666AAC1B22E7E3F20D27F3FA1
:1046500092CB7F3F1C2400204C010020EC23002043
:1046600006F058FDB8B1F0EE484A9DED0A4ADDED7E
:10467000093A9DED083ADDED132A9DED122ADDED94
:10468000111A9DED101ADDED0F0A9DED0E0A60481E
:1046900000F01AFB10E0B0EE483ADDED132A9DED74
:1046A000122ADDED111A9DED101ADDED0F0A9DEDB8
:1046B0000E0A574800F086FD554800F0ACF98DED24
:1046C000000ACDED010A8DED021ACDED031ADDEDE4
:1046D000031A9DED021ADDED010A9DED000A00F0BE
:1046E000CFFF8DED050ACDED060A8DED071A9DED84
:1046F0000E0AB1EE400AF6EE000A20EE200A454806
:10470000D0ED000AB6EE001A00EE810A80ED000A34
:104710009DED0F0AF6EE000A20EE200A3E48D0ED8D
:10472000000AB6EE001A00EE810A80ED000A9DED47
:10473000100AB1EE400AF6EE000A20EE200A3748D1
:10474000D0ED000AB6EE001A00EE810A80ED000AF4
:10475000304890ED000A324880ED000A2E4890ED76
:10476000000A304880ED000A2C4890ED000A2E48DF
:1047700080ED000A9DED050AB1EE400A2B4880ED60
:10478000000A9DED060A2A4880ED000A9DED070A01
:10479000B1EE400A274880ED000AFDF7ADFF1C4846
:1047A00000F01BF904902448006938B122484069A0
:1047B00021490969884201D3012000E00020814697
:1047C0009DF8101009B1012100E00021084649467A
:1047D000B0EE483ADDED132A9DED122ADDED111AF7
:1047E0009DED101ADDED0F0A9DED0E0A06F01CF886
:1047F000B0EE480AFDF700FEB0EE480AFDF782FD74
:10480000B0EE480AFDF7E4F800BF00BF6FE5000016
:104810006C230020AC010020B0010020B401002076
:10482000380100203C01002040010020240100202C
:10483000280100202C010020EC2300200EB5D0ED33
:10484000060A90ED061AB6EE000A10EE810AD0EDC7
:10485000070A90ED071A00EE810AD0ED0A0A20EE51
:10486000200AD0ED070A90ED081A60EE810A90ED5B
:10487000061AD0ED091A41EE610A90ED0B1A00EE0E
:10488000810AD0ED070A90ED091A60EE810A90EDD9
:10489000061AD0ED081A41EE210A90ED0C1A00EE2E
:1048A000810AF0EE000A20EE200A8DED000A90ED5C
:1048B000070AD0ED080A20EE200AD0ED060A90ED96
:1048C000091A00EE810AD0ED0A0A60EE200A90ED86
:1048D000061AD0ED061AB6EE000A11EE210AD0ED46
:1048E000081A90ED082AB0EE401A01EE821AD0EDB7
:1048F0000B1AB0EE600A01EE210AD0ED080A90ED25
:10490000091A60EE810A90ED061AD0ED071A41EE01
:10491000610A90ED0C1A00EE810AF0EE000A20EE1A
:10492000200A8DED010A90ED070AD0ED090A20EE6C
:10493000200AD0ED060A90ED081A00EEC10AD0ED6B
:104940000A0A20EE200AD0ED080A90ED091A60EE5E
:10495000810A90ED061AD0ED071A41EE210A90ED7A
:104960000B1A00EE810A90ED061AD0ED061AF6EE4B
:10497000000A51EE210A90ED091AD0ED091A41EE14
:10498000210A90ED0C1A00EE810AF0EE000A20EEEA
:10499000200A8DED020A017821B1012903D00229F4
:1049A00013D109E000BF9DED020AF7EE000A30EED8
:1049B000600A8DED020A08E09DED020AF7EE000A9A
:1049C00030EE200A8DED020A00BF00BF9DED000A07
:1049D000DDED010A9DED021A0EBD08B5014691F804
:1049E00040008DF8000091F84C008DF80100D1E9ED
:1049F0001B02904201DD012000E000208DF8020042
:104A0000D1E91E02904201DD012000E000208DF876
:104A10000300009808BD90ED060AD0ED070A90ED5E
:104A2000081AD0ED091A704710B50446034920460C
:104A300000F0BCF8204600F003F810BD4042010829
:104A400010B590B0244CD4E901132268E468CDE994
:104A50000E34CDE90C210CA91EC918301EC028380F
:104A6000002109910A910B9109A90EC9C0E90B23F4
:104A70008162002106910791089106A90EC9C0E93B
:104A80000E234163012180F84010B2EE040A80ED4C
:104A9000110A002180F84C1003910491059103A99B
:104AA0000EC9C0E915230165002100910191029111
:104AB0009DE80E00C0E91823C165002180F8681048
:104AC000C16641690167002180F8741081674169FE
:104AD000C16710B010BD00005842010810B52DED9F
:104AE000048B84B00446B0EE408AD4ED081A94EDED
:104AF000082AB6EE001A01EEC21AD4ED091A94ED96
:104B0000092A01EEC21AF0EE410A94ED061AD4ED1C
:104B1000091A21EE211AD4ED071A94ED082A01EEA4
:104B2000821AB0EE410A0CF063FCF0EE408AB0EE5F
:104B3000480A00F06FFC38EEC00AF6EE000A20EEDC
:104B4000200AB0EE409A002000900190029003905D
:104B5000B0EE490A0CF074FD8DED000AB0EE490A82
:104B60000DF0F2F9FFEE000A20EE200A8DED030AA7
:104B7000D4ED093A94ED083AD4ED072A94ED062ACB
:104B8000DDED031A9DED021ADDED010A9DED000A2F
:104B900000F001FD84ED060AC4ED070A84ED081A51
:104BA000C4ED091A04B0BDEC048B10BD70B52DED39
:104BB000028B04460D462878207095ED010A84ED9D
:104BC000010A95ED020AB5EEC00AF1EE10FA02D123
:104BD0009FED3B0A05E095ED020ADFED3A0A20EE73
:104BE000200A84ED020A95ED030AB5EEC00AF1EE43
:104BF00010FA02D19FED320A13E0D5ED030AB0EEB0
:104C0000600A00F007FCF0EE408A0DF09DF9F6EE28
:104C1000000A20EE200AB0EE408AF0EE000A0CF006
:104C200061FE84ED030A95ED040AB5EEC00AF1EECB
:104C300010FA02D19FED220A13E0D5ED040AB0EE7E
:104C4000600A00F0E7FBF0EE408A0DF07DF9F6EE29
:104C5000000A20EE200AB0EE408AF0EE000A0CF0C6
:104C600041FE84ED040A68696061606920676069DB
:104C7000E06795ED010AB5EEC00AF1EE10FA01D039
:104C8000686938B99FED0E0A84ED030A9FED0C0A9E
:104C900084ED040A94F8400018B994ED010A84EDFB
:104CA000110A94ED010AF2EE040A30EEC00AF0EEA9
:104CB000080A80EE201A84ED121ABDEC028B70BD3A
:104CC000FFFF7F7F48E17A3F11B52DED0A0B2DEDF7
:104CD000028BA5B00446B0EE648A2AA807C8C4E9CE
:104CE0000B12A0629DED270AB0EEC00AD4ED020AB5
:104CF000B4EEE00AF1EE10FA15DC9DED280AB0EEF4
:104D0000C00AD4ED020AB4EEE00AF1EE10FA0ADCB1
:104D10009DED290AB0EEC00AD4ED020AB4EEE00A15
:104D2000F1EE10FA13DDD4E90803D4E90612CDE957
:104D30001103CDE90F122046FFF782FE0FA80FC81E
:104D400018340FC4283C012084F84C0000BF94F8AC
:104D5000400000B394ED110AD4ED120A00EEC80A27
:104D600084ED110A94ED110AD4ED010AB4EEE00AC3
:104D7000F1EE10FA06D394ED010AB5EEC00AF1EE99
:104D800010FA08D194ED010A84ED110A002084F88C
:104D9000400084F84C00204604F08BFD84ED0D0AA1
:104DA000C4ED0E0A84ED0F1A002022902390249067
:104DB00022A807C81CAB07C3012084F868009DED3A
:104DC0002C1ADDED2B0A9DED2A0A00F06CFD00285F
:104DD00056D19DED2C1ADDED2B0A9DED2A0A00F02F
:104DE000A0FD8DED100ACDED110A8DED121AD4ED56
:104DF0000F2A94ED0E2AD4ED0D1A9DED121ADDED59
:104E0000110A9DED100AFFF719F984ED140AC4ED9B
:104E1000150A84ED161A94F8400070B994ED161A2C
:104E2000D4ED150A94ED140A00F059FDD4ED030AEF
:104E3000B4EEE00AF1EE10FA06D8002084F868001B
:104E4000E06E0938E06602E0E06E401CE066D4E9FE
:104E50001B01884204DD0020206784F8680001E01F
:104E60006069206700216269E06EFEF703FEE0667C
:104E700094F8680020B9D4E91512206D1CAB07C363
:104E800000201F90209021901FA807C819AB07C3CE
:104E9000012084F874009DED2F1ADDED2E0A9DEDA2
:104EA0002D0A00F000FD002874D1204604F080FD9A
:104EB0008DED100ACDED110A8DED121ADDED2F2AC0
:104EC0009DED2E2ADDED2D1A94ED0F1AD4ED0E0A6C
:104ED00094ED0D0A00F08FFC8DED0D0ACDED0E0A5C
:104EE0008DED0F1A9DED0F1ADDED0E0A9DED0D0AE9
:104EF00000F017FD8DED0A0ACDED0B0A8DED0C1AB1
:104F0000DDED122A9DED112ADDED101A9DED0C1A32
:104F1000DDED0B0A9DED0A0AFFF790F884ED170A04
:104F2000C4ED180A84ED191A94F8400070B994ED94
:104F3000191AD4ED180A94ED170A00F0D0FCD4ED3C
:104F4000040AB4EEE00AF1EE10FA06D8002084F864
:104F50007400A06F0938A06702E0A06F401CA06732
:104F6000D4E91E01884204DD0020E06784F8740063
:104F700001E06069E06700216269A06FFEF77AFDD9
:104F8000A06794F8740020B9D4E91812E06D19AB49
:104F900007C300BFB6EE000A00F03CFAF0EE408A0C
:104FA000F0EE681A9DED291ADDED280A9DED270A1D
:104FB00000F0E5FC8DED160ACDED170A8DED181AFF
:104FC000DDED1B2A9DED1A2ADDED191A9DED1E1A45
:104FD000DDED1D0A9DED1C0A00F0EAFB8DED100AC7
:104FE000CDED110A8DED121A94ED110AF0EE401A72
:104FF0009DED121ADDED110A9DED100A00F0BFFCC7
:105000008DED0D0ACDED0E0A8DED0F1ADDED0F2A97
:105010009DED0E2ADDED0D1A9DED181ADDED170A36
:105020009DED160A00F0C4FB8DED130ACDED140AB8
:105030008DED151A04F118000FC8CDE90D23CDE947
:105040000B0104F118000FC8F0EE481ACDE9062351
:10505000CDE904019DED151ADDED140A9DED130A4D
:1050600000F08DFC8DED080ACDED090A8DED0A1AD0
:105070009DED050AB1EE400ADDED080A20EE200A9A
:10508000DDED060A9DED091A00EEC10ADDED070A05
:105090009DED0A1A00EEC10A8DED000A9DED040A8D
:1050A000DDED080A20EE200ADDED060A9DED0A1A64
:1050B00000EE810ADDED070A9DED091A00EEC10A36
:1050C0008DED010A9DED040ADDED090A20EE200AAE
:1050D000DDED050A9DED0A1A00EEC10ADDED070AB5
:1050E0009DED081A00EE810A8DED020A9DED040A7D
:1050F000DDED0A0A20EE200ADDED050A9DED091A14
:1051000000EE810ADDED060A9DED081A00EEC10AE7
:105110008DED030A9DED000ADDED010A9DED021AF9
:10512000DDED031A8DED0F0ACDED100A8DED111A8C
:10513000CDED121A9DED0B0ADDED0F0A30EE200ABF
:105140008DED070A9DED0C0ADDED100A30EE200A08
:105150008DED080A9DED0D0ADDED110A30EE200AF5
:105160008DED090A9DED0E0ADDED120A30EE200AE2
:105170008DED0A0A9DED070ADDED080A9DED091A7D
:10518000DDED0A1A84ED060AC4ED070A84ED081A5B
:10519000C4ED091AD4ED091A94ED081AD4ED070AE2
:1051A00094ED060A00F064F984ED060AC4ED070ADE
:1051B00084ED081AC4ED091A25B0BDEC028B0BB0C2
:1051C00010BD000011B52DED080B2DED028B83B045
:1051D0000446B0EE438A0020009001900290F0EE69
:1051E000484A9DED024ADDED013A9DED003ADDEDC4
:1051F0000A2A9DED092ADDED081A9DED071ADDED5D
:10520000060A9DED050A2046FFF75EFD94F8400072
:1052100020B19FED050A2046FFF760FC03B0BDEC0E
:10522000028B09B010BD0000000000001EB504464E
:105230000749204600F00EF80020606100900190C0
:1052400002909DE80700C4E90712A0611EBD00009E
:105250006842010810B591E81C0080E81C00D0ED00
:10526000000AB7EE001A81EE200ADFED080A20EEF0
:10527000200A80ED030A90ED020AD0ED000A20EE2C
:10528000200ABCEEC00A80ED040A10BDFDAD003E50
:1052900001B52DED040B8CB00CA90EC9CDE9072387
:1052A0000691D0E907238169CDE90A2309919DED93
:1052B000060ADDED090A30EE600A8DED030A9DED68
:1052C000070ADDED0A0A30EE600A8DED040A9DED55
:1052D000080ADDED0B0A30EE600A8DED050A9DED42
:1052E000030ADDED040A9DED051A8DED0C0ACDEDE6
:1052F0000D0A8DED0E1A9DED0C0AB0EEC00AD0ED30
:10530000010AB4EEE00AF1EE10FA15DC9DED0D0A8B
:10531000B0EEC00AD0ED010AB4EEE00AF1EE10FAE8
:105320000ADC9DED0E0AB0EEC00AD0ED010AB4EE23
:10533000E00AF1EE10FA09DD002141619DED0C0A51
:10534000DDED0D0A9DED0E1A11B000BDD0E904216E
:10535000914209D24169491C41619DED0C0ADDED84
:105360000D0A9DED0E1AEFE7D0E907238169CDE91B
:10537000072306910CA90EC9CDE90423039190EDF2
:10538000030ADDED030A60EE800ACDED000ADDEDD3
:10539000040A60EE800ACDED010ADDED050A60EE3B
:1053A000800ACDED020ADDED000A9DED011ADDED6A
:1053B000021ACDED090A8DED0A1ACDED0B1A9DEDFD
:1053C000060ADDED090A30EE200A8DED030A9DED97
:1053D000070ADDED0A0A30EE200A8DED040A9DED84
:1053E000080ADDED0B0A30EE200A8DED050A9DED71
:1053F000030ADDED040A9DED051A80ED060AC0EDF5
:10540000070A80ED081A9DED0C0ADDED0D0A9DEDF1
:105410000E1A99E7F0EE400A9FED020A20EE800A8C
:105420007047000035FA8E3C08B5F0EE400ACDED2D
:10543000000A0C490098A1EB600000909FED0A0A59
:1054400020EE800A9DED001A20EE011ADDED001A13
:105450009FED060A01EE610A9DED001A20EE010A99
:1054600008BD000012141F5F12D3363FFF51D83F12
:1054700000B52DED040B2DED028B9DB01FA80FC8BC
:10548000CDE91501CDE91723CDE91323CDE91101AC
:1054900011A80FC8CDE90501CDE90723CDE90B23FC
:1054A000CDE909019DED050ADDED090A20EE200A8E
:1054B0008DED010A9DED060ADDED0A0A20EE200AB7
:1054C0008DED020A9DED070ADDED0B0A20EE200AA4
:1054D0008DED030A9DED080ADDED0C0A20EE200A91
:1054E0008DED040A9DED010ADDED020A9DED031A22
:1054F000DDED041A8DED0D0ACDED0E0A8DED0F1ABE
:10550000CDED101A9DED0D0ADDED0E0A30EE200AEC
:10551000DDED0F0A30EE200ADDED100A30EE200A34
:1055200000BFF0EE408AFFF77FFFB0EE408A9DEDAE
:10553000150A20EE080A8DED110A9DED160A20EEDF
:10554000080A8DED120A9DED170A20EE080A8DED6E
:10555000130A9DED180A20EE080A8DED140A9DED40
:10556000110ADDED120A9DED131ADDED141A8DED11
:10557000190ACDED1A0A8DED1B1ACDED1C1A9DED01
:10558000190ADDED1A0A9DED1B1ADDED1C1A1DB07E
:10559000BDEC028B0FBD2DED080B84B09DED040A10
:1055A000DDED080A20EE200ADDED050A9DED091A61
:1055B00000EEC10ADDED060A9DED0A1A00EEC10AF1
:1055C000DDED070A9DED0B1A00EEC10A8DED000A14
:1055D0009DED040ADDED090A20EE200ADDED050A45
:1055E0009DED081A00EE810ADDED060A9DED0B1A0D
:1055F00000EE810ADDED070A9DED0A1A00EEC10AF0
:105600008DED010A9DED040ADDED0A0A20EE200A67
:10561000DDED050A9DED0B1A00EEC10ADDED060A6F
:105620009DED081A00EE810ADDED070A9DED091ACD
:1056300000EE810A8DED020A9DED040ADDED0B0AF4
:1056400020EE200ADDED050A9DED0A1A00EE810A22
:10565000DDED060A9DED091A00EEC10ADDED070A2F
:105660009DED081A00EE810A8DED030A9DED000AFA
:10567000DDED010A9DED021ADDED031A0CB0704755
:1056800000B52DED040B2DED028B83B09DED051AB9
:1056900021EE011ADDED081A9DED082A01EE821AAD
:1056A000F6EE001A31EE611AF0EE410A9DED071A8E
:1056B000DDED081A21EE211ADDED051A9DED062A11
:1056C00001EE821AB0EE410A0BF092FEB0EE408A73
:1056D00000F064F88DED000A9DED050ADDED070A86
:1056E00020EE200ADDED060A9DED081A00EEC10A43
:1056F000F0EE000A20EE208ABFEE000AB4EEC08A67
:10570000F1EE10FA02D89FED230A0DE0B7EE000A81
:10571000B4EEC08AF1EE10FA02DB9FED1F0A03E03F
:10572000B0EE480A0BF0CEFDF0EE408A00F036F8FD
:105730008DED010A9DED051A21EE011ADDED061A27
:105740009DED062A01EE821AF6EE001A31EE611A7C
:10575000F0EE410A9DED061ADDED071A21EE211A41
:10576000DDED051A9DED082A01EE821AB0EE410A20
:105770000BF03EFEB0EE408A00F010F88DED020A0C
:105780009DED000ADDED010A9DED021A03B0BDECAE
:10579000028B0FBDDB0FC9BFDB0FC93FF0EE400A24
:1057A0009FED020A20EE800A70470000E02E65425D
:1057B0002DED060B83B09DED030ADDED060A30EEFC
:1057C000200A8DED000A9DED040ADDED070A30EE9A
:1057D000200A8DED010A9DED050ADDED080A30EE87
:1057E000200A8DED020A9DED000ADDED010A9DED16
:1057F000021A09B070472DED060B83B09DED040A27
:10580000DDED080A20EE200ADDED050A9DED071A00
:1058100000EEC10A8DED000A9DED050ADDED060AD8
:1058200020EE200ADDED030A9DED081A00EEC10A04
:105830008DED010A9DED030ADDED070A20EE200A39
:10584000DDED040A9DED061A00EEC10A8DED020A97
:105850009DED000ADDED010A9DED021A09B07047C9
:105860002DED060B83B09DED030ADDED060A20EE5B
:10587000200A8DED000A9DED040ADDED070A20EEF9
:10588000200A8DED010A9DED050ADDED080A20EEE6
:10589000200A8DED020A9DED000ADDED010A9DED65
:1058A000021A09B070472DED040B9DED000AB5EE0C
:1058B000C00AF1EE10FA10D19DED010AB5EEC00A52
:1058C000F1EE10FA09D19DED020AB5EEC00AF1EE33
:1058D00010FA02D1012004B070470020FBE700B5A8
:1058E0002DED040B83B0DDED052A9DED042ADDEDE1
:1058F000031A9DED051ADDED040A9DED030AFFF77D
:10590000AFFF8DED000ACDED010A8DED021A9DED80
:10591000021ADDED010A9DED000A00F04DF807B016
:1059200000BD00B52DED040B2DED028B83B09DED78
:10593000071ADDED060A9DED050AFFF7D0FFF0EE30
:10594000408AFFF771FDB0EE408AF0EE481A9DEDF7
:10595000071ADDED060A9DED050A00F010F88DED41
:10596000000ACDED010A8DED021A9DED000ADDED74
:10597000010A9DED021A03B0BDEC028B0FBD2DEDA7
:10598000040B83B09DED030A20EE210A8DED000A81
:105990009DED040A20EE210A8DED010A9DED050A18
:1059A00020EE210A8DED020A9DED000ADDED010ACF
:1059B0009DED021A07B070472DED040B9DED000A16
:1059C000DDED010A30EE200ADDED020A30EE200A9C
:1059D00004B070471D48B0F9020000EE100AB8EE9E
:1059E000C00A9FED1B1A30EE410A9FED191AC0EE56
:1059F000011AF0EE610AB0EEE00A9FED161AB4EE5D
:105A0000C10AF1EE10FA02D29FED130A7047F5EECB
:105A1000C00AF1EE10FA0ADD9FED0E0A30EEC00A60
:105A20009FED0E1AC0EE011AF0EE610A09E09FED3B
:105A3000090A30EE800A9FED091AC0EE011AF0EE55
:105A4000610A9FED070A20EE800ADFE75C01002073
:105A50000000FA430AD7A33D000000001F856B3FFA
:105A60000000F04270B50A480468001D0568001D7A
:105A70000668344454B108220649204604F0A3FDC8
:105A8000042204491031284604F09DFD70BD000039
:105A9000107AFF1F3E00002070B50446A56D00F08F
:105AA00091FB064694F83500022808D080206065F6
:105AB00000BF002084F8340000BF012070BD2068C2
:105AC000006820F01600216808602068406920F016
:105AD000800021684861206C08B9A06C28B120685A
:105AE000006820F00800216808602068006820F045
:105AF00001002168086010E000F064FB801B0528AD
:105B00000BD920206065032084F8350000BF0020F9
:105B100084F8340000BF0320D0E72068006800F05C
:105B200001000028E8D194F85C103F208840A8606C
:105B3000012084F8350000BF002084F8340000BF45
:105B400000BFBBE7014691F83500022803D0802052
:105B5000486501207047052081F835000868006815
:105B600020F001000A6810600020F3E70146486D4C
:105B700070470000F8B50446002000908C4800688B
:105B80004FF41651B0FBF1F7A56D2E6894F85C1038
:105B900008208840304098B12068006800F0040078
:105BA00070B12068006820F004002168086094F853
:105BB0005C1008208840A860606D40F001006065BE
:105BC00094F85C1001208840304068B1206840693A
:105BD00000F0800040B194F85C1001208840A8607B
:105BE000606D40F00200606594F85C10042088400D
:105BF000304068B12068006800F0020040B194F8BD
:105C00005C1004208840A860606D40F0040060656E
:105C100094F85C1010208840304078B32068006809
:105C200000F0080050B394F85C1010208840A86081
:105C30002068006800F4802080B12068006800F4CB
:105C4000002028B9206CC8B12046216C884715E097
:105C5000A06C98B12046A16C88470FE020680068CE
:105C600000F4807028B92068006820F008002168DE
:105C70000860206C10B12046216C884794F85C10B5
:105C8000202088403040002865D02068006800F05F
:105C9000100000285FD094F85C1020208840A86095
:105CA00094F83500052828D12068006820F01600F7
:105CB000216808602068406920F080002168486100
:105CC000206C08B9A06C28B12068006820F008009A
:105CD0002168086094F85C103F208840A86001208B
:105CE00084F8350000BF002084F8340000BF206D28
:105CF00010B12046216D8847F8BD2068006800F487
:105D0000802080B12068006800F4002028B9606C11
:105D100010B12046616C88471DE0E06BD8B1204689
:105D2000E16B884717E02068006800F4807068B96C
:105D30002068006820F0100021680860012084F8C5
:105D4000350000BF002084F8340000BFE06B10B1C4
:105D50002046E16B8847606D38B3606D00F001004C
:105D6000F0B1052084F835002068006820F00100BB
:105D70002168086000BF0098401C0090B84200D91C
:105D800005E02068006800F001000028F3D100BFA2
:105D9000012084F8350000BF002084F8340000BFE3
:105DA000E06C10B12046E16C884700BFA4E700001A
:105DB0007C0000202DE9F0410446002500F002FAA5
:105DC000074614B90120BDE8F081606A00B100BF48
:105DD000022084F8350000BF002084F8340000BFA2
:105DE0002068006820F00100216808600AE000F0E7
:105DF000E9F9C01B052805D920206065032084F837
:105E00003500E0E72068006800F001000028EED1CE
:105E10002068056821480540D4E901010843E1688C
:105E200008432169084361690843A1690843E1699E
:105E30000843216A08430543606A042803D1D4E972
:105E40000B0108430543206805602068456925F07B
:105E50000705606A0543606A04280DD1A06A0543FE
:105E6000E06A48B12046FEF75FF828B1402060653F
:105E7000012084F83500A6E7206845612046FEF73A
:105E800039F8064694F85C103F208840B060002046
:105E90006065012084F83500002094E73F8010F011
:105EA0002DE9F04704460D4616461F464FF0000800
:105EB000D4F8589000BF94F83400012802D1022091
:105EC000BDE8F087012084F8340000BF94F8350065
:105ED000012825D1022084F83500002060653B466A
:105EE000324629462046FEF774F894F85C103F20AD
:105EF0008840C9F808002068006840F01600216852
:105F00000860206C28B12068006840F00800216813
:105F100008602068006840F001002168086006E021
:105F200000BF002084F8340000BF4FF00208404654
:105F3000C6E7000070B5044600F044F90646254661
:105F4000681C10B104480078054400BF00F03AF91D
:105F5000801BA842FAD370BD7800002010B504461B
:105F6000402C10D100228101074800F025F90F23B1
:105F7000064A0749074802F009FB20B10122110334
:105F8000014800F019F910BD000402404F23002021
:105F9000402300204804002010B50446044800684F
:105FA000204020B1024804602046FFF7D7FF10BD13
:105FB000143C0140F8B502460B46002500240020A1
:105FC0000021D6E0012606FA01F51E6806EA05045E
:105FD000AC4274D11E7906F00306012E04D01E795E
:105FE00006F00306022E13D190684F000326BE4030
:105FF000B0434F00DE68BE403043906050680126D9
:106000008E40B0431E79C6F300168E403043506078
:106010001E7906F00306032E09D0D0684F00032630
:10602000BE40B0434F009E68BE403043D0601E79F2
:1060300006F00306022E13D1CF0802F1200656F80F
:1060400027004E07F70E0F26BE40B0434F07FF0E46
:106050001E69BE403043CF0802F1200646F82700F3
:1060600010684F000326BE40B0431E7906F00306B9
:106070004F00BE40304310605E6806F44036002E8C
:1060800076D000BF002600963C4E366846F4804627
:106090003A4F3E603E46366806F48046009600BFA2
:1060A00000BF374E8F0856F827008E07370F0F2690
:1060B000BE40B043334EB24202D1002624E057E046
:1060C000314EB24201D101261EE0304EB24201D122
:1060D000022619E02E4EB24201D1032614E02D4EC5
:1060E000B24201D104260FE02B4EB24201D1052667
:1060F0000AE02A4EB24201D1062605E0284EB242FD
:1061000001D1072600E008268F073F0FBE4030432D
:106110001B4E8F0846F82700224E3068A0435E6869
:1061200006F4801606B120431E4E3060361D3068DE
:10613000A0435E6806F4001606B12043194E361DD2
:106140003060184E361F3068A0435E6806F4003693
:1061500006B12043134E361F3060361F3068A0430F
:106160005E6806F4803606B120430E4E083E30606D
:10617000491C1029FFF426AFF8BD00004438024046
:1061800008380140000002400004024000080240BC
:10619000000C0240001002400014024000180240AF
:1061A000001C0240083C0140024613690B400BB141
:1061B000012000E0002070470AB1816101E00B047A
:1061C000836170470148006870470000700000203C
:1061D00070B504460CB9012070BD94F83D0028B993
:1061E000002084F83C00204600F010FB242084F8B6
:1061F0003D002068006820F00100216808602068E8
:10620000006840F40040216808602068006820F4BD
:1062100000402168086001F027FC05465C49606881
:10622000884206D85B48854201D2012007E0002061
:1062300005E05948854201D2012000E000200128F4
:1062400000D1C9E75548B5FBF0F62068406820F05A
:106250003F003043216848604D496068884201D85A
:10626000701C07E04FF4967070434FF47A71B0FBE6
:10627000F1F0401C2168096A21F03F0108432168C0
:10628000086243496068884214D8681E6168490002
:10629000B0FBF1F0401CC0F30B00042801D2042035
:1062A0003DE0681E61684900B0FBF1F0401CC0F39E
:1062B0000B0034E0A06838B9681E616801EB410149
:1062C000B0FBF1F0401C0AE0681E616801EBC102FE
:1062D00002EB0111B0FBF1F0401C40F48040C0F330
:1062E0000B0008B901201AE0A06848B9681E61686F
:1062F00001EB4101B0FBF1F0401CC0F30B000CE0DE
:10630000681E616801EBC10202EB0111B0FBF1F004
:10631000401CC0F30B0040F4804040F40040216872
:10632000C9694CF6FF72914308432168C861D4E9FA
:10633000070108432168096821F0C001084321686A
:106340000860D4E9031008432168896848F2FF32E5
:106350009143084321688860D4E905010843216816
:10636000C96821F0FF0108432168C86020680068FF
:1063700040F001002168086000202064202084F89B
:106380003D000020206384F83E0000BF24E70000A9
:10639000A086010080841E0000093D0040420F00DD
:1063A0002DE9FC5F04460F4690469946DDE90CABAB
:1063B0000E9EFFF707FF054694F83D00202870D198
:1063C00019230122B5492046009503F002FE10B1C1
:1063D0000220BDE8FC9F00BF94F83C00012801D1D9
:1063E0000220F6E7012084F83C0000BF2068006826
:1063F00000F0010028B92068006840F00100216821
:1064000008602068006820F400602168086022208D
:1064100084F83D00402084F83E0000202064C4F849
:1064200024A0A4F82AB0608D20859D48E0624B46E8
:10643000424639462046CDE9006503F019FC08B113
:106440000120C6E7208D88B900BF00200190206898
:106450004069019020688069019000BF00BF2068FA
:10646000006840F400702168086040E0208D012839
:1064700018D12068006820F480602168086000BF9F
:106480000020019020684069019020688069019097
:1064900000BF00BF2068006840F4007021680860F9
:1064A00025E0F8E0208D022816D12068006820F44D
:1064B0008060216808602068006840F400602168FE
:1064C000086000BF002001902068406901902068AA
:1064D0008069019000BF0AE000BF002001902068A1
:1064E0004069019020688069019000BF00BFC3E04F
:1064F000208D03287ED8208D012815D12A463146CB
:10650000204603F042FE08B1012062E720680069DE
:10651000616A0870606A401C6062208D401E2085A0
:10652000608D401E6085A7E0208D02282AD1334669
:1065300000225C492046009503F04BFD08B1012084
:1065400047E72068006840F4007021680860206810
:106550000069616A0870606A401C6062208D401E9C
:106560002085608D401E608520680069616A087022
:10657000606A401C6062208D401E2085608D401E38
:10658000608579E03346002246492046009503F0B5
:1065900020FD08B101201CE72068006820F480601D
:1065A0002168086020680069616A0870606A401CA0
:1065B0006062208D401E2085608D401E60853346C0
:1065C000002238492046009503F003FD08B1012060
:1065D000FFE62068006840F40070216808602068C9
:1065E0000069616A0870606A401C6062208D401E0C
:1065F000208500E010E0608D401E60852068006905
:10660000616A0870606A401C6062208D401E2085AF
:10661000608D401E60852FE02A463146204603F0FB
:10662000B4FD08B10120D4E620680069616A0870F1
:10663000606A401C6062208D401E2085608D401E77
:10664000608520684069C0F38000A8B1208D0328D0
:1066500005D12068006820F4806021680860206807
:106660000069616A0870606A401C6062208D401E8B
:106670002085608D401E6085208D00287FF438AF16
:10668000202084F83D00002084F83E0000BF84F8FC
:106690003C0000BF9DE602209BE6000002001000C7
:1066A0000000FFFF040001002DE9FC5F04460F46D7
:1066B00090469946DDE90CAB0E9EFFF783FD05463B
:1066C00094F83D0020287DD1192301224D49204610
:1066D000009503F07EFC10B10220BDE8FC9F00BFD6
:1066E00094F83C00012801D10220F6E7012084F84B
:1066F0003C0000BF2068006800F0010028B9206855
:10670000006840F00100216808602068006820F4FB
:10671000006021680860212084F83D00402084F852
:106720003E0000202064C4F824A0A4F82AB0608DA4
:1067300020853548E0624B46424639462046CDE941
:10674000006503F045FB08B10120C6E731E02A46A9
:106750003146204603F05EFD50B1206C042805D17F
:106760002068006840F40070216808600120B4E7E8
:10677000606A007821680861606A401C6062208D50
:10678000401E2085608D401E608520684069C0F3F2
:10679000800070B1208D60B1606A00782168086166
:1067A000606A401C6062208D401E2085608D401E06
:1067B0006085208D0028CAD12A463146204603F044
:1067C000D5FB00E01CE050B1206C042805D1206806
:1067D000006840F400702168086001207DE72068AF
:1067E000006840F4007021680860202084F83D00B3
:1067F000002084F83E0000BF84F83C0000BF6CE736
:1068000002206AE7020010000000FFFF10B586B00A
:106810000446142101A8F9F77DFD29492068884222
:106820004CD100BF002000902648006840F00200D4
:10683000244908600846006800F00200009000BF8C
:1068400000BF4FF44070019012200290012003908D
:10685000032004900420059001A91B48FFF7AAFB20
:1068600000BF0020009017481030006840F400106E
:106870001449103108600846006800F400100090C8
:1068800000BF00BF11481249086040054860002160
:106890000F488160C1604FF4806101610021416156
:1068A0008161C16101624162FFF784FA08B1FDF7BD
:1068B000B1FB00BF0648A063846300BF06B010BDF3
:1068C0000054004030380240000402401060024092
:1068D000E803002003480068034909780844014997
:1068E00008607047700000207800002010B50D4847
:1068F000006840F400700B4908600846006840F4E6
:10690000806008600846006840F4807008600320DA
:1069100000F0DAF8002000F007F800F05FF800203F
:1069200010BD0000003C02402DE9F04188B0044653
:106930000027B84600BF002001902348006840F0BF
:106940001000214908600846006800F0100001901E
:1069500000BF00BF02A903A801F05EF8069F1FB99F
:1069600001F082F8054602E001F07EF84500174884
:10697000B5FBF0F0A0F1010815481649086040F297
:10698000E7311448C160C0F80480002101618160D2
:10699000816101F033FF064696B90E4801F062FFAF
:1069A00006466EB9362000F03DF8102C07D20022C2
:1069B0002146362000F04AF80748046000E001262E
:1069C000304608B0BDE8F0814038024040420F0038
:1069D00000100040980600207400002008B500BF99
:1069E000002000900E48006840F480400C49086088
:1069F0000846006800F48040009000BF00BF00BF60
:106A000000200090081F006840F08050091F0860B7
:106A10000846006800F08050009000BF00BF08BD2D
:106A2000443802400146084600280DDB00BF00BF85
:106A300000F01F0301229A4043099B0003F1E02369
:106A4000C3F8002100BF00BF00BF70472DE9F05F11
:106A500080460D46164600270AF018FC07463946C0
:106A60002A46334601F00700C0F1070ABAF1040FC5
:106A700002D94FF0040A01E0C0F1070AD14600F143
:106A8000040ABAF1070F02D24FF0000A01E0A0F1A8
:106A9000030AD4464FF0010A0AFA09FAAAF1010AD8
:106AA0000AEA020A0AFA0CFA4FF0010B0BFA0CFB85
:106AB000ABF1010B0BEA030B4AEA0B0421464046FB
:106AC0000AF0ECFBBDE8F09F00BF00F00702064BA8
:106AD00019684FF6FF031940044B0B4343EA0221A8
:106AE000014B196000BF70470CED00E00000FA0593
:106AF000704702461068416200207047F0B50346B7
:106B000015461868446A21B944EA05401E68B06217
:106B100019E01868806A04EB1044002208E0186845
:106B200000F5827050F8220004EB1044501CC2B2F1
:106B3000481E9042F3D844EA0547186800F5827071
:106B40004E1E40F826700020F0BD10B50446D4F863
:106B5000E00408F0A2FE10BD70B504460D4605EB3A
:106B6000C50304F1140101EB8301CA682946D4F876
:106B7000E00408F085FD70BD70B504460D4605EBD8
:106B8000C50304F5157101EB8301CA682946D4F8E1
:106B9000E00408F0FDFD70BD10B50446D4F8E00433
:106BA00008F07EFE10BD2DE9F04104460D4605F0CB
:106BB0008000802808D105F00F0000EBC00104F12F
:106BC000140000EB810607E005F00F0000EBC001A8
:106BD00004F5157000EB8106314620680AF0B6F81E
:106BE00007463846BDE8F08170B504460E4606F00B
:106BF000800080280AD106F00F0000EBC00104F1EC
:106C0000140000EB81050120687009E006F00F0018
:106C100000EBC00104F5157000EB810500206870E1
:106C200006F00F00287000BF94F89404012801D1E9
:106C3000022070BD012084F8940400BF294620681A
:106C400009F012FC00BF002084F8940400BF00BFCC
:106C5000EFE770B504460E4606F00F002179884232
:106C600001D9012070BD06F0800080280AD106F00D
:106C70000F0000EBC00104F1140000EB81050120BE
:106C8000687009E006F00F0000EBC00104F5157014
:106C900000EB8105002068700020A87006F00F004E
:106CA000287000BF94F89404012801D10220D9E78C
:106CB000012084F8940400BF2946206809F0D2FD21
:106CC00000BF002084F8940400BF00BFCAE702465A
:106CD00001F00F0000EBC00302F5157000EB83001C
:106CE000406970472DE9F04705460E4690461F461D
:106CF0004FF0000906F0800080280AD106F00F004E
:106D000000EBC00105F1140000EB8104012060706C
:106D100009E006F00F0000EBC00105F5157000EB6F
:106D200081040020607006F00F002070C8F30A0094
:106D3000A0602771607808B120786083022F01D1AC
:106D40000020607100BF95F89404012802D1022050
:106D5000BDE8F087012085F8940400BF214628682B
:106D600009F08EFA00BF002085F8940400BF484661
:106D7000EEE72DE9F04105460E461746984606F027
:106D80000F0000EBC00105F5157000EB8104E76012
:106D9000C4F8108000206061607006F00F00207061
:106DA000A879012800D1E761AA792146286809F06D
:106DB000EDFD0020BDE8F08170B504460D4605F0FC
:106DC0000F002179884201D9012070BD05F08000B3
:106DD00080280AD105F00F0000EBC00104F1140077
:106DE00000EB81060120707007E005EBC50104F59A
:106DF000157000EB8106002070700120B07005F066
:106E00000F00307000BF94F89404012801D10220D3
:106E1000DBE7012084F8940400BF3146206809F0C4
:106E200068FD05F00F0028B9A17904F29C422068A2
:106E300009F0E0FC00BF002084F8940400BF00BF0C
:106E4000C3E72DE9F04105460E461746984606F081
:106E50000F0000EBC00105F1140000EB8104E760B6
:106E6000C4F81080002060610120607006F00F00FF
:106E70002070A879012800D1E761AA792146286805
:106E800009F084FD0020BDE8F0812DE9FE4F0446A5
:106E9000D4F800B05E4620680AF03AF8002874D1B1
:106EA00020680AF074F808B9BDE8FE8F40F60800C3
:106EB0008059C0F30D20C4F8D40420680AF067F8A4
:106EC00000F00200022805D12068406900F00200AD
:106ED0002168486120680AF05AF800F01000102874
:106EE00045D12068806920F0100021688861DBF8B6
:106EF000209009F00F0000EBC00104F5157000EBC5
:106F0000810AC9F3434002281AD147F6F07009EA12
:106F1000000030B3C9F30A125846DAF80C100AF030
:106F20003BF8C9F30A11DAF80C000844CAF80C005F
:106F3000C9F30A11DAF814000844CAF8140010E082
:106F4000C9F3434006280CD1082204F29C4158465C
:106F50000AF022F8C9F30A11DAF814000844CAF852
:106F600014002068806940F0100021688861206862
:106F70000AF00DF800F40020B0F5002F7BD10025B9
:106F8000206809F0D4FF029072E0E1E2029800F07C
:106F90000100002868D0E9B2206809F0EBFF8046C4
:106FA00008F0010048B1012106F5306000EB451002
:106FB00081602946204604F0ABFF08F0080008284D
:106FC00009D1082106F5306000EB451081602946A3
:106FD000204604F06BFF08F01000102805D11021A6
:106FE00006F5306000EB4510816008F002000228D1
:106FF00024D1DBF8140000F08000802807D140F68F
:107000000400805940F4806140F60400815105EB92
:10701000C50104F5157000EB810A9AF803000128F8
:1070200006D100208AF80300E9B2204600F09BFA5E
:10703000022106F5306000EB4510816008F0200069
:10704000202805D1202106F5306000EB4510816035
:1070500008F40050B0F5005F06D14FF4005106F57A
:10706000306000EB451081606D1C02984008029072
:10707000029800288AD1206809F089FF00F4802056
:10708000B0F5802F7DD1206809F047FF02900025E0
:107090009AE0029800F00100002873D0E9B220685D
:1070A00009F04FFF804608F00100F0B305F00F0132
:1070B00001208840019040F634008159019821EA6E
:1070C000000040F634018851012106F5106000EB04
:1070D00045108160A079012824D105EBC50104F198
:1070E000140000EB810005EBC502C16804F1140037
:1070F00000EB82008068014405EBC50204F1140036
:1071000000EB8200C1606DB905EBC50104F114000C
:1071100000EB8100006928B904F29C42012120683B
:1071200009F068FBE9B2204600E001E0FFF714FD3A
:1071300008F00800082805D1082106F5106000EBCA
:107140004510816008F01000102805D1102106F5C7
:10715000106000EB4510816008F04000402805D128
:10716000402106F5106000EB4510816008F0020038
:1071700002281DD12946584609F08DFE05EBC501B0
:1071800001E025E01CE004F1140000EB810A9AF80C
:107190000300012806D100208AF80300E9B2204646
:1071A00000F0D8F9022106F5106000EB451081606F
:1071B00008F08000802803D12946204604F04AFFC9
:1071C0006D1C029840080290029800287FF461AF7D
:1071D000206809F0DCFE00F00040B0F1004F1CD147
:1071E00040F60400805920F0010140F6040081516E
:1071F00094F8CC04012807D1002084F8CC040021A5
:107200002046FFF775FC02E0204600F0D1FA206826
:10721000406900F0004021684861206809F0B7FE2D
:1072200000F40060B0F5006F0ED140F60800805900
:1072300000F0010010B1204600F012FB2068406908
:1072400000F4006021684861206809F0A0FE00F4A5
:107250008050B0F5805F7ED140F60400805920F068
:10726000010140F6040081511021206809F013FE4D
:10727000002732E04FF67F3106F5106000EB471033
:10728000816006F5106000EB4710006820F40011E3
:1072900006F5106000EB471001604FF67F3106F5F0
:1072A000306000EB4710816006F5306000EB47105E
:1072B000006820F4001106F5306000EB4710016013
:1072C00006F5306000EB4710006840F0006106F5FD
:1072D000306000EB471001607F1C2079B842C9D8AC
:1072E00040F61C00805940F0011140F61C0081510D
:1072F000E07B70B1D6F8840840F00B01C6F8841822
:1073000040F64400805940F00B0140F644008151A2
:107310000FE040F61400805942F22B01084340F67A
:1073200014018851081F805940F00B014FF401608F
:107330008151D6F8000820F4FE60C6F80008A17953
:1073400004F29C42206809F055FA2068406900F474
:107350008050216800E000E04861206809F017FED5
:1073600000F40050B0F5005F17D1206808F0F0FF7E
:10737000206809F0BAFDE07100F070FB0090E2793E
:107380002068009909F08AFE204600F0F9F920688B
:10739000406900F4005021684861206809F0F7FD59
:1073A00000F00800082808D1204600F008FA2068FC
:1073B000406900F0080021684861206809F0E7FD95
:1073C00000F08000802818D1DBF8180020F0800041
:1073D000CBF8180001250DE005EBC50104F515708B
:1073E00000EB8100C078012803D1E9B22046FFF705
:1073F000DAFB6D1C2079A842EED8206809F0C7FDA1
:1074000000F48010B0F5801F2DD1012522E006F593
:10741000106000EB4510D0F8009005EBC50104F1B9
:10742000140000EB81000079012812D109F000401E
:10743000B0F1004F0DD1012105EBC50204F114009C
:1074400000EB8200C170E8B240F080012046FFF7F7
:10745000AAFB6D1C2079A842D9D82068406900F4A5
:10746000801021684861206809F091FD00F4001047
:10747000B0F5001F44D1012538E006F5306000EB7F
:107480004510D0F8009005EBC50104F5157000EB30
:1074900081000079012828D109F00040B0F1004FA7
:1074A00023D194F8D40400F00100C9F300418842CC
:1074B0001BD1012105EBC50204F5157000EB82001C
:1074C000C170DBF8180040F08000CBF81800DBF842
:1074D000140000F0800040B940F60400805940F4E8
:1074E000007140F60400815103E06D1C2079A84230
:1074F000C3D800BF2068406900F4001021684861CB
:10750000206809F044FD00F08040B0F1804F08D1C0
:107510002046FFF71AFB2068406900F08040216890
:107520004861206809F033FD00F0040004280FD101
:107530002068D0F8049009F00400042802D1204605
:10754000FFF72AFB2068406840EA0900216848608C
:1075500000BFA9E470B504460D462946D4F8E004FE
:1075600008F00AFA70BD70B504460D462946D4F8F5
:10757000E00408F025FA70BDF8B504460CB9012006
:10758000F8BD266894F8950428B9002084F894047E
:10759000204600F0A1F8032084F89504B6F1A04F2E
:1075A00001D10021A171206809F01CF9207C8DF81F
:1075B000000094E80F0008F0DFFE20B1022084F8FC
:1075C00095040120DCE70021206809F015FD20B1B9
:1075D000022084F895040120D2E7002531E0012142
:1075E00005EBC50204F1140000EB8200417005EBCD
:1075F000C50104F1140000F8215005EBC50100EBB2
:1076000081004583002105EBC50204F1140000EB65
:107610008200017105EBC50204F1140000EB820049
:10762000816005EBC50204F1140000EB8200C1602B
:1076300005EBC50204F1140000EB82000161681C37
:10764000C5B22079A842CADC00252AE0002105EB5A
:10765000C50204F5157000EB8200417005EBC50111
:1076600004F5157000F82150002105EBC50200EB70
:107670008200017105EBC50204F5157000EB820074
:10768000816005EBC50204F5157000EB8200C16056
:1076900005EBC50204F5157000EB82000161681C62
:1076A000C5B22079A842D1DC207C8DF8000094E896
:1076B0000F0008F0A3FF20B1022084F895040120F8
:1076C0005EE700206074012084F89504206808F0CB
:1076D00083FF002054E7000010B586B00446142153
:1076E00001A8F8F717FE2068B0F1A04F42D100BF03
:1076F000002000902048006840F001001E4908600A
:107700000846006800F00100009000BF00BF4FF481
:10771000C0500190022002900020039003200490AA
:107720000A20059001A91548FEF744FC00BF124845
:10773000001D006840F080000F49091D086000BF6F
:10774000002000900C481430006840F480400A4942
:10775000143108600846006800F48040009000BFC3
:1077600000BF00BF00220C214320FFF76FF9432028
:10777000FFF758F906B010BD303802400000024053
:1077800070B504460125E07908B9002506E0E079E6
:10779000022801D1012501E0FCF73CFC2946D4F880
:1077A000E00408F0B7F9D4F8E00408F05DF970BD22
:1077B00010B50446D4F8E00408F08DF910BD10B5FA
:1077C0000446D4F8E00408F091F910BD70B5044601
:1077D0000D4600BF94F89404012801D1022070BD29
:1077E000012084F8940400BF65742946206809F0DC
:1077F00037FC00BF002084F8940400BF00BFEEE710
:1078000010B5044604F29C41D4F8E00408F099F95C
:1078100010BD70B50446256800BF94F89404012893
:1078200001D1022070BD012084F8940400BFE868F3
:1078300000F0400030B1607B012803D1A86B40F418
:107840008030A863206809F0F7FA206808F0B2FEDB
:1078500000BF002084F8940400BF00BFE2E70000EE
:1078600010B50446D4F8E00408F0C8F92068D0F850
:10787000000E40F001002168C1F8000EE07A28B146
:107880000348006840F006000149086010BD000090
:1078900010ED00E070B504460D460CB9012070BD36
:1078A0005848006800F00700A84209D255490D70F9
:1078B0000846006800F00700A84201D00120EEE76A
:1078C000207800F0020002281DD1207800F004008A
:1078D000042805D14C48006840F4E0504A4908604B
:1078E000207800F00800082805D14748006840F4D7
:1078F0006040454908604448006820F0F000A168F5
:10790000084341490860207800F00100A8B360688E
:10791000012807D13C4808380068C0F34040B8B996
:107920000120BCE76068022802D06068032807D104
:10793000354808380068C0F3406048B90120AEE718
:10794000314808380068C0F3400008B90120A6E7B4
:107950002D48006820F00300616808432A49086048
:10796000FEF730FC064609E0FEF72CFC801B41F2D6
:107970008831884202D9032091E707E02248006855
:1079800000F00C006168B0EB810FEDD11D4800687C
:1079900000F00700A84209D91A490D70084600688E
:1079A00000F00700A84201D0012078E7207800F01D
:1079B0000400042807D11448006820F4E050E1686E
:1079C000084311490860207800F00800082808D111
:1079D0000D48006820F46040216940EAC1000A496E
:1079E000086000F061F808490968C1F30311074A0B
:1079F000515CC8400649086006480068FEF794FFDD
:107A000000204CE7003C024008380240EC410108ED
:107A10007C000020740000200F2202600D4A1268D2
:107A200002F0030242600B4A126802F0F002826028
:107A3000084A126802F4E052C260064A126802F470
:107A40006042D2080261044A126802F007020A602A
:107A50007047000008380240003C024001480068BE
:107A6000704700007C00002000B5FFF7F7FF0449D5
:107A70000968C1F38221034A515CC84000BD00007F
:107A800008380240FC41010800B5FFF7E7FF044950
:107A90000968C1F34231034A515CC84000BD00008F
:107AA00008380240FC4101082DE9F0470024002578
:107AB0000026A1462548006800F00C0020B10428EB
:107AC00005D008283AD105E0DFF8849039E0DFF8E6
:107AD000849036E01D48001F006800F03F041B48FA
:107AE000001F006800F4800078B11A481749091F88
:107AF0000968C1F38811A0FB0170014622460023EA
:107B00003846F8F7BDFB05460EE011480F49091F3E
:107B10000968C1F38811A0FB0170014622460023C9
:107B20003846F8F7ADFB05460848001F0068C0F36B
:107B30000140401C4600B5FBF6F902E0DFF810906A
:107B400000BF00BF4846BDE8F0870000083802408B
:107B50000024F40000127A00F8B504460CB90120A4
:107B6000F8BD207800F00100002874D0F9480068C2
:107B700000F00C0004280DD0F648006800F00C005E
:107B8000082813D1F348001F006800F48000B0F506
:107B9000800F0BD1EF4808380068C0F34040002840
:107BA00059D06068002856D10120D9E700BF60682D
:107BB000B0F5803F08D1E7480838006840F48030CD
:107BC000E449083908601EE06068B0F5A02F0DD1C7
:107BD000E0480838006840F48020DE490839086031
:107BE0000846006840F4803008600CE0D948083846
:107BF000006820F48030D7490839086008460068DA
:107C000020F48020086000BF606890B1FEF7DAFAC7
:107C1000054606E0FEF7D6FA401B642801D903208A
:107C20009EE7CC4808380068C0F340400028F1D0F7
:107C300011E0FEF7C7FA054606E0FEF7C3FA401B5F
:107C4000642801D903208BE7C24808380068C0F3D4
:107C500040400028F1D1207800F0020002285FD1D6
:107C6000BC48006800F00C0058B1BA48006800F049
:107C70000C0008281CD1B748001F006800F48000E1
:107C8000B0B9B44808380068C0F3400020B1E068DB
:107C9000012801D0012063E7AE480838006820F0D1
:107CA000F800216940EAC100AA490839086037E0B4
:107CB000E06800B30120A8490860FEF783FA054692
:107CC00006E0FEF77FFA401B022801D9032047E7B0
:107CD000A04808380068C0F340000028F1D09D4853
:107CE0000838006820F0F800216940EAC10099498D
:107CF0000839086014E0002097490860FEF762FA2E
:107D0000054606E0FEF75EFA401B022801D9032073
:107D100026E7904808380068C0F340000028F1D1F9
:107D2000207800F0080008282CD16069A8B1012053
:107D30008A490860FEF746FA054606E0FEF742FA71
:107D4000401B022801D903200AE782486C300068F2
:107D5000C0F340000028F1D014E000207F49086003
:107D6000FEF730FA054606E0FEF72CFA401B022823
:107D700001D90320F4E677486C300068C0F3400076
:107D80000028F1D1207800F00400042870D10027E9
:107D900070483830006800F0805090B900BF002073
:107DA00000906C483830006840F0805069493831A4
:107DB00008600846006800F08050009000BF00BFD7
:107DC00001276748006800F48070B0B96448006813
:107DD00040F4807062490860FEF7F4F9054606E059
:107DE000FEF7F0F9401B022801D90320B8E65C48F1
:107DF000006800F480700028F2D000BFA06801285D
:107E000008D154486830006840F001005149683199
:107E100008601DE0A06805280DD14E486830006854
:107E200040F004004B49683108600846006840F0A3
:107E3000010008600CE047486830006820F001004D
:107E40004449683108600846006820F00400086072
:107E500000BFA068A8B1FEF7B5F9054609E0FEF736
:107E6000B1F9401B41F28831884202D9032077E6FC
:107E700026E0384868300068C0F340000028EED0A3
:107E800013E0FEF79FF9054608E0FEF79BF9401B5B
:107E900041F28831884201D9032061E62D486830DB
:107EA0000068C0F340000028EFD1012F07D1294816
:107EB0003830006820F0805026493831086000BF13
:107EC000A069002845D02348006800F00C0008286D
:107ED0005DD0A069022845D100201F490866FEF741
:107EE00071F9054606E0FEF76DF9401B022801D93D
:107EF000032035E6174808380068C0F340600028C2
:107F0000F1D1D4E907010843616A40EA81110122F5
:107F1000A06AC2EB500041EA00412C20005D41EA1A
:107F200000600C49091F086001200B490866FEF734
:107F300049F9054606E0FEF745F9401B022801D93C
:107F400003200DE6034808380068C0F340600028AD
:107F5000F1D049E00838024000004742800E474215
:107F600000700040002021490866FEF72BF9054605
:107F700006E0FEF727F9401B022801D90320EFE5B0
:107F80001B480068C0F340600028F2D12CE0A069D3
:107F9000012800D1E4E51648001D0668A069012803
:107FA00020D006F48001E06981421BD106F03F0138
:107FB000206A814216D147F6C0703040616AB0EB4A
:107FC000811F0FD106F440310122A06AC2EB50009C
:107FD000B1EB004F06D106F070612C20005DB1EBD3
:107FE000006F01D00120BBE50020B9E50000474249
:107FF0000038024070470000F8B504462068466823
:1080000020688568C5F3801048B905F0010030B1DB
:10801000C6F3801018B12046216C8847F8BDC5F31F
:10802000400030B1C6F3C01018B12046616C8847DB
:10803000F4E7C5F3401030B9C5F3801018B9C5F3A3
:10804000002000287CD0C6F3401000287DD0C5F366
:108050008010F0B194F8510003280ED0606D40F00C
:108060000400606500BF002000902068C068009098
:1080700020688068009000BF0BE000BF00200090E7
:108080002068C068009020688068009000BF00BF32
:10809000C4E7C5F3401088B1606D40F00100606531
:1080A00000BF002000902068806800902068006871
:1080B00020F040002168086000BF00BFC5F3002029
:1080C00058B1606D40F00800606500BF002000906E
:1080D00020688068009000BF00BF606D78B32068A2
:1080E000406820F0E00021684860012084F85100D9
:1080F00006F00200022802D006F0010008B3206852
:10810000406820F0030021684860E06C50B11048DE
:10811000E16C0865E06CFDF715FD18B1606D40F08D
:1081200040006065A06C50B10948A16C0865A06C66
:10813000FDF708FD18B1606D40F04000606503E098
:1081400003E02046FFF756FF68E700BF66E7000040
:1081500065D9000810B504460CB9012010BD606A4D
:1081600038B96068B0F5827F00D105E00021E16197
:1081700002E00021216161610021A16294F85100B7
:1081800028B9002084F85000204600F047F802206B
:1081900084F851002068006820F0400021680860E1
:1081A000A08800F48270218901F404410843A18968
:1081B00001F400610843217C01F002010843217DA4
:1081C00001F001010843218B01F400710843217F74
:1081D00001F0380108432021095D01F080010843C6
:1081E000218D01F400510843216808600421A06931
:1081F00001EA104094F8241001F0100108432168AE
:1082000048602068C06920F400602168C8610020CF
:108210006065012084F8510000209FE710B586B00A
:108220000446142101A8F8F775F83F4920688842F0
:1082300078D100BF002000903C48006840F48040A6
:108240003A4908600846006800F48040009000BF8A
:1082500000BF00BF0020009034481038006840F094
:1082600002003249103908600846006800F0020038
:10827000009000BF00BF4FF46040019002200290C8
:1082800000200390032004900520059001A92848B0
:10829000FDF790FE2748284908600020486000212B
:1082A00025488160C1604FF4806101610021416116
:1082B0008161C1614FF44031016200214162FDF7EB
:1082C00079FD08B1FBF7A6FE00BF1B48E06484639C
:1082D00000BF184818301949086000204860402144
:1082E000164881600021C1604FF480610161002166
:1082F00041618161C1614FF44031016200214162FD
:10830000FDF758FD08B1FBF785FE00BF0B48A064E0
:10831000846300BF002205212420FEF797FB242060
:10832000FEF780FB06B010BD003800404038024028
:108330000004024058600240A00400200005002014
:10834000704770472DE9FE4F04460F4690461D4684
:108350000C9E01200190FDF735FF814694F851B045
:1083600060680290AA46BBF1010F0BD00298B0F5ED
:10837000827F04D1A06810B9BBF1040F02D00220A3
:10838000BDE8FE8F1FB1B8F1000F00D00DB901207C
:10839000F6E700BF94F85000012801D10220EFE772
:1083A000012084F8500000BF94F85100042802D046
:1083B000052084F8510000206065C4F83880E58706
:1083C000A5872763E586A586206460642068006829
:1083D00000F04000402805D02068006840F04000D0
:1083E00021680860E068B0F5006F52D1606810B194
:1083F000BAF1010F09D1206B00882168C860206B99
:10840000801C2063E08E401EE0863BE02068806890
:1084100000F00200022810D1E08E70B1019801280E
:108420000BD1206B00882168C860206B801C206302
:10843000E08E401EE086002001902068806800F0F9
:10844000010068B1E08F58B12068C068A16B088056
:10845000A06B801CA063E08F401EE087012001908C
:10846000FDF7B0FEA0EB0900B0420BD3701C48B181
:10847000012084F8510000BF002084F8500000BFA4
:1084800003207DE7E08E0028C0D1E08F0028BDD119
:1084900052E0606810B1BAF1010F09D1206B007889
:1084A00021680873206B401C2063E08E401EE0862C
:1084B0003CE02068806800F00200022810D1E08EC5
:1084C00070B1019801280BD1206B007821680873E6
:1084D000206B401C2063E08E401EE086002001904F
:1084E0002068806800F0010068B1E08F58B1206812
:1084F000C068A16B0870A06B401CA063E08F401E99
:10850000E08701200190FDF75DFEA0EB0900B0427D
:1085100001D3701C00B94EB9012084F8510000BF8E
:10852000002084F8500000BF032029E7E08E0028D7
:10853000BFD1E08F0028BCD14A463146204605F025
:10854000F9FA40B12020606500BF002084F8500097
:1085500000BF012014E7A06850B900BF00200090C0
:108560002068C068009020688068009000BF00BF4D
:10857000012084F8510000BF002084F8500000BFA3
:10858000606D08B10120FBE60020F9E62DE9F04717
:1085900004460E4617461D4694F85180D4F80490C0
:1085A000B8F1010F0AD0B9F5827F04D1A06810B9E3
:1085B000B8F1040F02D00220BDE8F0870EB107B178
:1085C0000DB90120F8E700BF94F85000012801D14F
:1085D0000220F1E7012084F8500000BF94F8510018
:1085E000042802D0052084F851000020606526632D
:1085F000A586E586A763A587E5872064606494F86F
:108600005100042806D13548E16C08643448E16C17
:10861000C86305E03348E16C08643348E16CC86323
:108620003248E16CC8640020E16C0865E38FD4F83F
:1086300000C00CF10C01A26BE06CFDF731FC50B1F5
:10864000606D40F01000606500BF002084F85000AD
:1086500000BF0120B0E72068406840F001002168B9
:1086600048600020A16C0864A16CC863A16CC86458
:10867000A16C0865E38ED4F800C00CF10C02216BEC
:10868000A06CFDF70DFC50B1606D40F0100060650E
:1086900000BF002084F8500000BF01208CE7206854
:1086A000006800F04000402805D02068006840F0D5
:1086B00040002168086000BF002084F8500000BF1F
:1086C0002068406840F020002168486020684068C9
:1086D00040F002002168486000206DE7A1D9000841
:1086E000BDD90008AFD9000839DA000879D90008E7
:1086F00038B504460E492068884217D101228114FA
:108700000C48FDF759FD002000906A4600210A48F8
:1087100000680AF0B3FF009838B14FF08050074965
:108720000860BFF34F8FBFF36F8F00BF38BD0000ED
:1087300000380040000402408001002004ED00E009
:10874000704770477047000030B502460B4600BFC7
:1087500092F83C00012801D1022030BD012082F8AE
:108760003C0000BF022082F83D0010684468106899
:10877000816824F070041868044310684460184D40
:108780001068A8421BD01068B0F1804F17D0154D6B
:108790001068A84213D0144D1068A8420FD0134D92
:1087A0001068A8420BD0124D1068A84207D0114D96
:1087B0001068A84203D0104D1068A84205D121F0DE
:1087C00080015868014310688160012082F83D00F3
:1087D00000BF002082F83C0000BF00BFBDE70000E2
:1087E000000001400004004000080040000C004070
:1087F00000040140004001400018004010B504464C
:108800000CB9012010BD94F83D0028B9002084F86F
:108810003C00204600F025F8022084F83D00211D90
:10882000206805F047FB012084F8460000BF84F86B
:108830003E0001213F2001554020015541200155B6
:1088400000BF00BF012084F84200432001554420AE
:1088500001554520015500BF012084F83D0000204E
:10886000D0E77047014691F83D00012801D0012072
:108870007047022081F83D000868C06840F00100A0
:108880000B68D8601A4B086898421BD00868B0F192
:10889000804F17D0174B0868984213D0164B0868C2
:1088A00098420FD0154B086898420BD0144B0868BB
:1088B000984207D0134B0868984203D0124B0868BF
:1088C00098420CD10868806800F00702062A0CD094
:1088D0000868006840F001000B68186005E008684F
:1088E000006840F001000B6818600020C0E700003D
:1088F000000001400004004000080040000C00405F
:1089000000040140004001400018004070B50546D9
:108910002849286888424BD1287F042848D108215B
:10892000284600F051FC86B223480088301A84B2F1
:108930002148068040F6FC0084421FDD1F48007875
:10894000A8B11F480078082811DB002006E01D4967
:1089500031F810101C4A22F81010401C0628F6DBD3
:1089600001201A490870FDF72DFC19490860002004
:108970001349087001201149087019E040F2EE20F7
:10898000844212DB40F6CA0084420EDC0C480078B8
:10899000062804DA0B480A49097820F811400848EB
:1089A0000078401C0649087002E000200349087066
:1089B00070BD000000040040020000200400002000
:1089C00010030020FC2500200826002011030020B1
:1089D000140300202DE9F04104460D4616460027F9
:1089E00000BF94F83C00012802D10220BDE8F081CC
:1089F000012084F83C0000BF96B9EB68D5E900126D
:108A0000206805F0B5FB2068806920F00C00216823
:108A1000886120688069A96808432168886141E00D
:108A2000042E13D1EB68D5E90012206805F0E8FBAD
:108A30002068806920F4406021688861206880692E
:108A4000A96840EA0120216888612BE0082E12D134
:108A5000EB68D5E90012206805F0EFFB2068C069DB
:108A600020F00C002168C8612068C069A96808432B
:108A70002168C86116E00C2E13D1EB68D5E900120D
:108A8000206805F0F6FB2068C06920F4406021688A
:108A9000C8612068C069A96840EA01202168C861EE
:108AA00000E0012700BF002084F83C0000BF3846EA
:108AB0009CE710B504460CB9012010BD94F83D00A8
:108AC00028B9002084F83C00204600F025F8022058
:108AD00084F83D00211D206805F0ECF9012084F8A0
:108AE000460000BF84F83E0001213F200155402090
:108AF00001554120015500BF00BF012084F842000C
:108B000043200155442001554520015500BF012057
:108B100084F83D000020D0E710B586B0044614214B
:108B200001A8F7F7F7FB1E492068884236D100BF3D
:108B3000002000901B48006840F0020019490860BE
:108B40000846006800F00200009000BF00BF00BFB0
:108B50000020009013481038006840F002001149CE
:108B6000103908600846006800F00200009000BF5D
:108B700000BF012001900220029000200390049089
:108B80000220059001A90848FDF714FA00220B21E4
:108B90001D20FDF75BFF1D20FDF744FF06B010BD53
:108BA0000004004040380240000402402DE9F04338
:108BB00004460D46002615B994F83E000BE0042D3E
:108BC00002D13F20005D06E0082D02D14020005D6B
:108BD00001E04120005D804615B994F842000BE0A9
:108BE000042D02D14320005D06E0082D02D144206F
:108BF000005D01E04520005D8146B8F1010F02D122
:108C0000B9F1010F02D00120BDE8F0831DB90220A7
:108C100084F83E000EE0042D03D102213F200155CF
:108C200008E0082D03D102214020015502E0022175
:108C3000412001551DB9022084F842000EE0042DA8
:108C400003D102214320015508E0082D03D1022160
:108C50004420015502E002214520015535B1042D83
:108C60000BD0082D10D00C2D1CD114E02068C0684A
:108C700040F002002168C86016E02068C06840F03B
:108C800004002168C8600FE02068C06840F0080058
:108C90002168C86008E02068C06840F010002168C2
:108CA000C86001E0012600BF00BF86BB0122294643
:108CB000206805F06FF91A49206888421BD02068A7
:108CC000B0F1804F17D017492068884213D0164959
:108CD000206888420FD01549206888420BD014497B
:108CE0002068884207D013492068884203D012497F
:108CF000206888420CD12068806800F00707062FA2
:108D00000CD02068006840F001002168086005E090
:108D10002068006840F0010021680860304673E771
:108D2000000001400004004000080040000C00402A
:108D300000040140004001400018004070B50446A6
:108D40002068C5682068066906F00200022819D16B
:108D500005F00200022815D1401F2168086101209A
:108D600020772068806900F0030018B12046FFF7E3
:108D7000CDFD05E0204600F0C5F8204600F090F952
:108D80000020207706F00400042819D105F0040023
:108D9000042815D1C043216808610220207720688B
:108DA000806900F4407018B12046FFF7AFFD05E080
:108DB000204600F0A7F8204600F072F90020207746
:108DC00006F00800082819D105F00800082815D178
:108DD000C04321680861042020772068C06900F042
:108DE000030018B12046FFF791FD05E0204600F092
:108DF00089F8204600F054F90020207706F0100092
:108E0000102819D105F01000102815D1C043216891
:108E10000861082020772068C06900F4407018B10C
:108E20002046FFF773FD05E0204600F06BF8204672
:108E300000F036F90020207706F0010048B105F077
:108E4000010030B16FF0010021680861204600F098
:108E5000AFF906F08000802809D105F08000802855
:108E600005D1C043216808612046FFF76AFC06F07F
:108E70004000402809D105F04000402805D1C043FA
:108E800021680861204600F0B8F906F0200020288B
:108E900009D105F02000202805D1C04321680861D0
:108EA0002046FFF74FFC70BD10B586B00446142174
:108EB00001A8F7F72FFA2068B0F1804F1CD100BF4E
:108EC000002000900D48006840F001000B49086048
:108ED0000846006800F00100009000BF00BF0F20AE
:108EE0000190022002900020039004900120059040
:108EF00001A90348FDF75EF806B010BD3038024006
:108F00000000024070472DE9F04104460D46164628
:108F1000002700BF94F83C00012802D10220BDE8E0
:108F2000F081012084F83C0000BF36B1042E1BD034
:108F3000082E31D00C2E5ED145E02946206805F080
:108F40003BF82068806940F008002168886120684B
:108F5000806920F00400216888612068806929699F
:108F600008432168886148E02946206805F05CF8DC
:108F70002068806940F40060216888612068806909
:108F800020F480602168886120688069296940EA4E
:108F900001202168886130E02946206805F082F8C8
:108FA0002068C06940F008002168C8612068C06975
:108FB00020F004002168C8612068C069296908435D
:108FC0002168C86119E02946206805F0A7F82068E3
:108FD000C06940F400602168C8612068C06920F45D
:108FE00080602168C8612068C069296940EA012061
:108FF0002168C86101E0012700BF00BF00BF002059
:1090000084F83C0000BF384689E710B504460CB927
:10901000012010BD94F83D0028B9002084F83C00E0
:10902000204600F025F8022084F83D00211D20682C
:1090300004F040FF012084F8460000BF84F83E00A1
:1090400001213F200155402001554120015500BF1D
:1090500000BF012084F842004320015544200155FF
:109060004520015500BF012084F83D000020D0E7D5
:1090700008B50168B1F1804F0FD100BF0021009108
:109080000649096841F00101044A11601146096866
:1090900001F00101009100BF00BF08BD403802404F
:1090A0007047000070B504460D4615B994F83E00AF
:1090B0000BE0042D02D13F20005D06E0082D02D117
:1090C0004020005D01E04120005D012801D0012029
:1090D00070BD1DB9022084F83E000EE0042D03D1BE
:1090E00002213F20015508E0082D03D10221402034
:1090F000015502E002214120015501222946206844
:1091000004F048FF23492068884203D022492068A0
:10911000884201D1012000E0002028B12068406C85
:1091200040F40040216848641A49206888421BD0F6
:109130002068B0F1804F17D018492068884213D0BA
:109140001749206888420FD01649206888420BD002
:1091500011492068884207D013492068884203D00B
:109160001249206888420CD12068806800F0070608
:10917000062E0CD02068006840F0010021680860CD
:1091800005E02068006840F00100216808600020C8
:109190009EE7000000000140000401400004004080
:1091A00000080040000C0040004001400018004052
:1091B00010B5044603492068884201D1FDF78AFBB7
:1091C00010BD0000001000400246002031B104290B
:1091D00007D0082908D00C290CD108E01368586B77
:1091E00009E01368986B06E01368D86B03E0136816
:1091F000186C00E000BF00BF70477047F8B5044628
:109200000D46164694F8420020282DD105B10EB91E
:109210000120F8BD0120206300206063324629460A
:10922000204605F0CFFA0746206B012819D100BF70
:10923000002000902068006800902068406800903E
:1092400000BF00BF00BF00BF21680C3151E8001F04
:1092500041F0100021680C3141E80002002AF3D1EE
:1092600000E001273846D4E70220D2E7F8B50546EA
:109270000C46002000901F492868884200D0F8BDA5
:10928000402C00D94024002015E01B4A1288521CB3
:10929000D1B21A4A1288914203D10122184B1A7096
:1092A0000BE0184A125C184B134E36889A55124A36
:1092B0001180411C88B2A042E7DB00BFF8F7CCF96F
:1092C00010B10120114908701148006878B16A4650
:1092D00000210F4800680AF0D1F9009838B14FF02A
:1092E00080500C490860BFF34F8FBFF36F8F00BFF2
:1092F000C5E7000000480040780100207A01002006
:109300007C01002048240020882400207D010020CA
:109310008401002004ED00E010B5044600BF00BF4A
:1093200021680C3151E8001F21F4907021680C3144
:1093300041E80002002AF3D100BF00BF00BF21684E
:10934000143151E8001F21F001002168143141E877
:109350000002002AF3D100BF206B01280ED100BF0C
:1093600000BF21680C3151E8001F21F01000216876
:109370000C3141E80002002AF3D100BF20684069A7
:1093800000F04000402820D100BF00BF2168143108
:1093900051E8001F21F040002168143141E800022B
:1093A000002AF3D100BFE06B78B10020E16B0865C3
:1093B000E06BFCF771FB40B1E06BFCF7D7FB2028BA
:1093C00003D110206064032010BD0020E085202020
:1093D00084F842000020206300BFF5E738B504465A
:1093E000002000900E492068884200D038BD01203E
:1093F0000C4908700C48006878B16A4600210A4898
:1094000000680AF03BF9009838B14FF080500749E6
:109410000860BFF34F8FBFF36F8F00BFE6E7000018
:10942000004800407D0100208401002004ED00E0A0
:109430002DE9F84F0446206805682068C668206852
:1094400047694FF00009CA4605F00F09B9F1000F4E
:109450000AD105F0200038B106F0200020B12046E6
:1094600005F01BF8BDE8F88FB9F1000F7CD007F0CC
:10947000010018B906F49070002875D005F00100BD
:1094800030B106F4807018B1606C40F00100606487
:1094900005F0040030B107F0010018B1606C40F035
:1094A0000200606405F0020030B107F0010018B15D
:1094B000606C40F00400606405F0080048B106F0FC
:1094C000200010B907F0010018B1606C40F00800EE
:1094D0006064606C002846D005F0200028B106F0DA
:1094E000200010B1204604F0D8FF20684069C0F386
:1094F000801A606C00F0080010B9BAF1000F2DD08E
:10950000204604F071FF2068406900F040004028C8
:1095100020D100BF00BF2168143151E8001F21F0A5
:1095200040002168143141E80002002AF3D100BF55
:10953000E06B50B17F48E16B0865E06BFCF702FB24
:1095400088B1E06B016D88470DE02046FFF746FFCC
:1095500009E009E02046FFF741FF04E02046FFF75D
:109560003DFF002060647DE7206B012878D105F085
:109570001000002874D006F010000028FAD000BFB8
:1095800000200090206800680090206840680090EB
:1095900000BF00BF2068406900F04000402870D143
:1095A000E06B006840681FFA80F8B8F1000F58D0EF
:1095B000A08D404555DDA4F82E80E06BC069B0F564
:1095C000807F43D000BF00BF21680C3151E8001FED
:1095D00021F4807021680C3141E80002002AF3D1A7
:1095E00000BF00BF00BF2168143151E8001F21F007
:1095F00001002168143141E80002002AF3D100BFC4
:1096000000BF00BF2168143151E8001F21F0400065
:109610002168143141E80002002AF3D100BF202064
:1096200084F842000020206300BF00BF21680C3195
:1096300051E8001F21F0100021680C3141E80002C0
:10964000002AF3D100BFE06BFCF726FA022060632A
:10965000A08DE28D801A81B22046FFF707FE0EE052
:1096600052E0A08D40450AD1E06BC069B0F5807F23
:1096700005D102206063A18D2046FFF7F7FDF1E6DA
:10968000FFE7A08DE18D401A1FFA80F8E08DD0B37E
:10969000B8F1000F37D000BF00BF21680C3151E88E
:1096A000001F21F4907021680C3141E80002002A6B
:1096B000F3D100BF00BF00BF2168143151E8001F83
:1096C00021F001002168143141E80002002AF3D1A1
:1096D00000BF202084F842000020206300BF00BFAC
:1096E00021680C3151E8001F21F0100021680C3175
:1096F00041E80002002AF3D100BF02206063414626
:109700002046FFF7B3FDADE605F0800030B106F06E
:10971000800018B1204605F0C1F8A3E605F040002E
:1097200030B106F0400018B1204604F093FE99E6EF
:1097300000BF97E6AFE2000810B504460CB901205F
:1097400010BDA06900B100E000BF94F8410028B945
:10975000002084F84000204600F02AF8242084F8F5
:1097600041002068C06820F400502168C86020468D
:1097700004F012FF2068006920F49040216808611D
:109780002068406920F02A00216848612068C0688C
:1097900040F400502168C86000206064202084F8F4
:1097A000410084F842000020606300BFC8E7000069
:1097B00010B586B00446142101A8F6F7ABFD364972
:1097C0002068884266D100BF0020009033480068BE
:1097D00040F48020314908600846006800F4802089
:1097E000009000BF00BF00BF002000902B48103841
:1097F000006840F0020029491039086008460068F6
:1098000000F00200009000BF00BF08150190022088
:10981000029000200390032004900720059001A9E6
:109820001F48FCF7C7FB4FF4006001900220029034
:1098300001200390032004900720059001A91848F7
:10984000FCF7B8FB1748184908604FF00060486003
:10985000002115488160C1604FF4806101610021E1
:1098600041618161C1614FF4803101620021416237
:10987000FCF7A0FA08B1FAF7CDFB00BF0A48E06395
:10988000846300BF00220B212720FDF7DFF827208B
:10989000FDF7C8F806B010BD00480040403802404F
:1098A00000040240286002403806002070477047DC
:1098B000704786B0017821B1012903D002296CD10B
:1098C00034E000BF90ED070AD0ED090A20EE200A2F
:1098D000D0ED060A90ED081A00EEC10A8DED000ADF
:1098E00090ED080AD0ED090A20EE200AD0ED060A14
:1098F00090ED071A00EE810A8DED010AD0ED060AFF
:1099000090ED061AB6EE000A10EE810AD0ED090AB3
:1099100090ED091A00EE810A8DED020A9DED000A14
:10992000DDED010A9DED021A06B0704790ED060AC2
:10993000D0ED080A20EE200AD0ED070A90ED091AB2
:1099400000EEC10A8DED000A90ED080AD0ED090A7B
:1099500020EE200AD0ED060A90ED071A00EE810AEB
:10996000FFEE000A20EE200A8DED010AD0ED060A76
:1099700090ED061AB6EE000A00EEC10AD0ED090A13
:1099800090ED091A00EEC10A8DED020A9DED000A64
:10999000DDED010A9DED021AC6E700210391049155
:1099A00005919DED030ADDED040A9DED051ABBE767
:1099B00086B0017821B1012936D002297ED16AE032
:1099C00090ED070AD0ED080A20EE200AD0ED060A35
:1099D00090ED091A00EE810A8DED000AD0ED060A1D
:1099E00090ED061AB6EE000A10EE810AD0ED080AD4
:1099F00090ED081A00EE810A8DED010A90ED080A3B
:109A0000D0ED090A20EE200AD0ED060A90ED071AE3
:109A100000EEC10A8DED020A9DED000ADDED010A9E
:109A20009DED021A06B07047D0ED060A90ED061AB9
:109A3000B6EE000A00EEC10AD0ED070A90ED071A53
:109A400000EEC10A8DED000A90ED060AD0ED090A7C
:109A500020EE200AD0ED070A90ED081A00EEC10AA8
:109A60008DED010A90ED070AD0ED090A20EE200ADB
:109A7000D0ED060A90ED081A00EE810AFFEE000A0A
:109A800020EE200A8DED020A9DED000ADDED010AAF
:109A90009DED021AC6E790ED070AD0ED080A20EE08
:109AA000200AD0ED060A90ED091A00EE810AFFEEB9
:109AB000000A20EE200A8DED000A00E024E0D0ED3F
:109AC000060A90ED061AB6EE000A00EEC10AD0EDC5
:109AD000080A90ED081A00EEC10A8DED010A90ED1A
:109AE000060AD0ED070A20EE200AD0ED080A90ED14
:109AF000091A00EEC10A8DED020A9DED000ADDEDA6
:109B0000010A9DED021A8DE7002103910491059150
:109B10009DED030ADDED040A9DED051A82E700BF05
:109B2000FEE7000008B51148006800F0807090B1B1
:109B30000F48006800F0010068B10D4A51680D4AF5
:109B400012680D4BB2FBF3F000BF094A5268521A7B
:109B50008242FAD309E00020009003E000BF0098A1
:109B6000401C009000982028F8D308BDFCED00E0D0
:109B7000001000E07C00002020A1070000B587B0A5
:109B8000142102A8F6F7C6FB00BF0020019011487F
:109B9000006840F001000F4908600846006800F0C6
:109BA0000100019000BF00BF4FF4C060029011207F
:109BB0000390012004900320059002A90648FCF7B9
:109BC000F9F9012000F086F9012000F071F907B0E1
:109BD00000BD000030380240000002400146086825
:109BE0004069C0F38020B0B16FF480600A685061B2
:109BF00000200863202081F83D00002081F83E000D
:109C0000086C40F00400086400BF002081F83C00AC
:109C100000BF012070470020FCE710B5012000F0D4
:109C200059F9012000F044F903F086FE04460020B3
:109C300000F03EF9204610BD70B506460024012014
:109C400000F048F900250CE0012000F031F903F0A4
:109C500073FE40EA4400C4B2002000F029F9681CF9
:109C6000C5B2082DF0DB304600F046F9204670BD45
:109C70002DE9F84304460F4615469946DDE9088666
:109C80002068006840F480602168086020680068EF
:109C900040F4807021680860434600224FF00111B3
:109CA0002046009600F095F960B12068006800F445
:109CB0008070B0F5807F02D14FF4007020640320E3
:109CC000BDE8F88307F0FE0021680861334642468C
:109CD0003E49204600F0DCF908B10120F0E700BF62
:109CE0000020009020684069009020688069009002
:109CF00000BF00BF32464146204600F08BFA50B10B
:109D0000206C042805D12068006840F400702168A8
:109D100008600120D4E7B9F1010F03D1E8B221684E
:109D2000086117E0C5F30720216808613246414603
:109D3000204600F06FFA50B1206C042805D120684D
:109D4000006840F40070216808600120B8E7E8B2BC
:109D50002168086132464146204600F05BFA50B166
:109D6000206C042805D12068006840F40070216848
:109D700008600120A4E72068006840F48070216832
:109D80000860434600224FF001112046009600F083
:109D900020F958B12068006800F48070B0F5807F29
:109DA00002D14FF400702064032089E7F8B240F03C
:109DB000010021680861334642460449204600F00C
:109DC00067F908B101207BE7002079E70200010074
:109DD0002DE9F8430446884615469946DDE90867AB
:109DE0002068006840F480702168086033460022D3
:109DF0004FF001112046009700F0EBF860B12068A9
:109E0000006800F48070B0F5807F02D14FF40070DC
:109E100020640320BDE8F88308F0FE002168086193
:109E20003B4632462149204600F032F908B1012074
:109E3000F0E700BF00200090206840690090206893
:109E40008069009000BF00BF3A463146204600F0CE
:109E5000E1F950B1206C042805D12068006840F475
:109E60000070216808600120D4E7B9F1010F03D127
:109E7000E8B22168086117E0C5F30720216808618E
:109E80003A463146204600F0C5F950B1206C04280E
:109E900005D12068006840F4007021680860012046
:109EA000B8E7E8B2216808610020B3E702000100CA
:109EB00010B504460CB1012000E0002002464FF42A
:109EC00000710348FCF778F9FFF72CFE10BD000085
:109ED0000000024010B504460CB1012000E0002053
:109EE00002464FF480610348FCF766F9FFF71AFE5B
:109EF00010BD00000000024010B504462046FFF7E8
:109F0000E9FF0120FFF7D4FF0020FFF7D1FF10BDCC
:109F100070B5054600240DE08021214101EA0500CD
:109F2000FFF7D8FF0120FFF7C3FF0020FFF7C0FFB6
:109F3000601CC4B2082CEFDB70BD10B50120FFF728
:109F4000C9FF0120FFF7B4FF0020FFF7C3FF002087
:109F5000FFF7AEFF10BD10B50020FFF7BBFF0120DB
:109F6000FFF7A6FF0120FFF7B5FF10BD70B504464F
:109F70000D46164625E02046FFF730FE08B10120C9
:109F800070BD681CE8B1FCF71DF9801BA84200D821
:109F9000BDB920684069C0F3800090B900202063FB
:109FA000202084F83D00002084F83E00206C40F022
:109FB0002000206400BF002084F83C0000BF012086
:109FC000DEE720684069C0F380000028D3D000207D
:109FD000D6E72DE9F04104460D4617461E46DDF84A
:109FE000188038E0701CA8B3FCF7ECF8A0EB080070
:109FF000B04200D876BBC5F3074001280AD12068DB
:10A000004069A9B20840A9B2884201D101200BE001
:10A01000002009E020688069A9B20840A9B28842FE
:10A0200001D1012000E00020B84214D100202063BB
:10A03000202084F83D00002084F83E00206C40F091
:10A040002000206400BF002084F83C0000BF0120F5
:10A05000BDE8F081FFE7C5F3074001280AD1206879
:10A060004069A9B20840A9B2884201D101200BE0A1
:10A07000002009E020688069A9B20840A9B288429E
:10A0800001D1012000E00020B842ABD00020DFE782
:10A090002DE9F04104460D4616461F4658E020685B
:10A0A0004069C0F38020E8B12068006840F4007087
:10A0B000216808606FF48060216848610020206397
:10A0C000202084F83D00002084F83E00206C40F001
:10A0D0000400206400BF002084F83C0000BF012081
:10A0E000BDE8F081701C90B3FCF76CF8C01BB04267
:10A0F00000D866BBC5F3074001280AD12068406933
:10A10000A9B20840A9B2884201D101200BE0002089
:10A1100009E020688069A9B20840A9B2884201D14B
:10A12000012000E0002090B900202063202084F866
:10A130003D00002084F83E00206C40F020002064A8
:10A1400000BF002084F83C0000BF0120C8E7FFE703
:10A15000C5F3074001280AD120684069A9B2084028
:10A16000A9B2884201D101200BE0002009E020685B
:10A170008069A9B20840A9B2884201D1012000E05B
:10A18000002000288BD00020AAE770B504460D46B9
:10A19000164637E020684069C0F30010A0B16FF0A8
:10A1A00010002168486100202063202084F83D00D1
:10A1B000002084F83E00206C206400BF002084F85A
:10A1C0003C0000BF012070BDFBF7FCFF801BA842D4
:10A1D00000D8BDB920684069C0F3801090B9002054
:10A1E0002063202084F83D00002084F83E00206C8D
:10A1F00040F02000206400BF002084F83C0000BF35
:10A200000120E0E720684069C0F380100028C1D039
:10A210000020D8E770B504460D46164625E02046D6
:10A22000FFF7DCFC08B1012070BD681CE8B1FBF74A
:10A23000C9FF801BA84200D8BDB920684069C0F39F
:10A24000C01090B900202063202084F83D00002039
:10A2500084F83E00206C40F02000206400BF002005
:10A2600084F83C0000BF0120DEE720684069C0F3AD
:10A27000C0100028D3D00020D6E70000F8B55C213C
:10A2800087A0F6F761F828B15C2185A0F6F75CF8A5
:10A29000401C00E082A006462F21F6F755F888B151
:10A2A0005C217FA0F6F750F828B15C217CA0F6F77E
:10A2B0004BF8401C00E07AA006462F21F6F744F840
:10A2C000401C0BE05C2176A0F6F73EF828B15C213B
:10A2D00073A0F6F739F8401C00E071A0054627226C
:10A2E000294675A009F0E0F801F062FC5C216CA041
:10A2F000F6F72AF828B15C2169A0F6F725F8401C8A
:10A3000000E067A006462F21F6F71EF888B15C2111
:10A3100063A0F6F719F828B15C2161A0F6F714F8EC
:10A32000401C00E05EA006462F21F6F70DF8401C09
:10A330000BE05C215AA0F6F707F828B15C2158A081
:10A34000F6F702F8401C00E055A0054629222946F0
:10A3500064A009F0A9F8322009F076F9752000F020
:10A3600013F904465C214EA0F5F7EEFF28B15C21FD
:10A370004BA0F5F7E9FF401C00E049A006462F215D
:10A38000F5F7E2FF88B15C2145A0F5F7DDFF28B1C4
:10A390005C2143A0F5F7D8FF401C00E040A0064632
:10A3A0002F21F5F7D1FF401C0BE05C213CA0F5F715
:10A3B000CBFF28B15C213AA0F5F7C6FF401C00E0B6
:10A3C00037A00546122023462D22294600904FA093
:10A3D00009F06AF8122C37D05C2131A0F5F7B4FFF0
:10A3E00028B15C212EA0F5F7AFFF401C00E02CA0A7
:10A3F00006462F21F5F7A8FF88B15C2128A0F5F7C4
:10A40000A3FF28B15C2126A0F5F79EFF401C00E0C9
:10A4100023A006462F21F5F797FF401C0BE05C2197
:10A420001FA0F5F791FF28B15C211DA0F5F78CFF67
:10A43000401C00E01AA005463122294642A009F03E
:10A4400033F84FF0FF30F8BD80216B2000F0ACF8FE
:10A45000142009F0F9F801216B2000F0A5F8002183
:10A460006C2000F0A1F80A2009F0EEF810216A2013
:10A4700000F09AF818211C2000F096F818211B20F3
:10A4800000F092F803211D2000F08EF803211A201D
:10A4900000F08AF80121382000F086F80020D2E789
:10A4A0004170706C69636174696F6E5C49434D34CF
:10A4B00032363838502E63005B25733A25645D20B0
:10A4C00049434D3432363838503A205374617274EF
:10A4D000696E67204D795350495F496E69742E2E1D
:10A4E0002E0D0A005B25733A25645D2049434D34E7
:10A4F00032363838503A204D795350495F496E69A9
:10A500007420646F6E652E0D0A0000005B25733A9F
:10A5100025645D204858592D49434D34323638382A
:10A52000502057484F5F414D5F493A2030782530E1
:10A53000325820286578706563746564203078250A
:10A54000303258290D0A00005B25733A25645D20DE
:10A5500049434D343236383850204552524F523AE2
:10A560002057484F5F414D5F49206D69736D61749D
:10A5700063682120436865636B20535049207769E5
:10A5800072696E672E0D0A0070B5044601F058FC22
:10A5900044F0800001F05EFCFF2001F05BFC05460A
:10A5A00001F053FC284670BD70B504460D4601F01D
:10A5B00047FC04F07F0001F04DFC284601F04AFC06
:10A5C00001F043FC70BD30B50B46002100BF16E022
:10A5D0000A24B4EB107F05D9302404EB107403F87F
:10A5E000114005E0412404EB10740A3C03F81140CB
:10A5F000000100254C00641C1D554C1CE1B2914229
:10A60000E6DB30BD10B50446A08828B94FF47A7057
:10A6100021680968486316E0A088042805D14FF432
:10A620007A702168096888630DE0A088082805D140
:10A630004FF47A7021680968C86304E04FF47A70B7
:10A640002168096808644FF47A70E080A188206866
:10A65000FEF728FD10BDB1F5FA6F01DD4FF4FA6188
:10A66000B1F57A7F01DA4FF47A71C18082881AB924
:10A6700002681268516310E08288042A03D10268DC
:10A680001268916309E08288082A03D1026812687F
:10A69000D16302E00268126811647047F0EE401A5C
:10A6A000B0EE602AD0ED014A64EE814AB6EE005A5F
:10A6B00022EE055A25EE015A45EE014A90ED005A68
:10A6C00074EE854AC0ED004AD0ED044A90ED055A7B
:10A6D00045EE014A90ED035A74EE854A90ED065A14
:10A6E000F5EE005A25EE255A25EE015A45EE014AAF
:10A6F00090ED025A04EE815A80ED025AD0ED054ADF
:10A7000090ED065AF6EE005A25EE255A45EE014A1E
:10A7100090ED035A04EE815A80ED035AD0ED054ABC
:10A7200090ED065AF6EE005A25EE255A45EE014AFE
:10A7300090ED045A04EE815A80ED045AD0ED054A9A
:10A7400090ED065A45EE014AC0ED054AD0ED024AA9
:10A7500090ED075A74EE854AF0EE642AD0ED024A75
:10A7600084EEA25AB0EE450AD0ED044A84EEA25A15
:10A77000F0EE450AD0ED004A71EEE44AB0EE643ADC
:10A78000D0ED004A40EE034AC0ED004AD0ED014A48
:10A7900040EE834AC0ED014AD0ED024AF0EE643A41
:10A7A000D0ED034AB0EE644AD0ED024A43EEC04A0F
:10A7B000C0ED024AD0ED034A44EE404AC0ED034AE0
:10A7C000D0ED044A43EEE04AC0ED044AD0ED054A1C
:10A7D00044EE604AC0ED054A704700009FED100A44
:10A7E00080ED000A9FED0E0A80ED010AB7EE000A27
:10A7F00080ED020A9FED0A0A80ED030A9FED080A28
:10A8000080ED040AB7EE000A80ED050A9FED050A07
:10A8100080ED060AB7EE000A80ED070A70470000D7
:10A82000000000000AD7A33B2DE9F3412DED080BF2
:10A830002DED068B86B0B0EE438A04460D46A34844
:10A84000007828B106B0BDEC068B0AB0BDE8F081F7
:10A850009FED9F0AB4EEC08AF1EE10FA03D29FED8D
:10A860009C0AB0EE408A9FED9B0AB4EEC08AF1EEDE
:10A8700010FA03DD9FED970AB0EE408ADDED0F0A76
:10A8800060EEA00A9DED101ADDED101A41EE210ACE
:10A890009DED111ADDED111A41EE210AB0EE600AAC
:10A8A00007F01AFCF0EE408AD4BBCDB38A48007A98
:10A8B000012836D18848B0F90000322831DA9DED00
:10A8C0000C0AB0EEC00AF6EE000AB4EEE00AF1EEB1
:10A8D00010FA26D29DED0D0AB0EEC00AF6EE000A7F
:10A8E000B4EEE00AF1EE10FA1BD29DED0E0AB0EEC6
:10A8F000C00AF6EE000AB4EEE00AF1EE10FA10D249
:10A900009FED760AF4EEC08AF1EE10FA09DB9FEDB6
:10A91000740AF4EEC08AF1EE10FA02D8012001E0C8
:10A92000FFE700200646BEB99FED6E0A6E4880ED37
:10A93000000A9FED6C0A6D4880ED000A9FED690AE0
:10A940006B4880ED000A9FED670A6A4880ED000AB7
:10A9500000206949086075E7654890ED000AF3EE4C
:10A960000B0AB4EEE00AF1EE10FA18D290ED000AEC
:10A9700030EE080A80ED000A9FED5A0A5A4880ED31
:10A98000000A9FED580A594880ED000A9FED550ACC
:10A99000584880ED000A00205749086052E75248A5
:10A9A00090ED000A5548D0ED000A30EE200A4E48DE
:10A9B00080ED000A4D4890ED000A5148D0ED000AA4
:10A9C00030EE200A494880ED000A4A4890ED000A1E
:10A9D00030EE080A80ED000A47480068401C4649EE
:10A9E0000860444890ED000AF0EE080AB4EEE00A70
:10A9F000F1EE10FA68DB08460068002864D03A4897
:10AA0000D0ED000A084690ED000AB8EE400A80EE4C
:10AA1000801A3C4880ED001A3448D0ED000A084600
:10AA200090ED000AB8EE400A80EE801A364880EDBC
:10AA3000001A01202549087033480068F6F7CBF862
:10AA400041EC190B2F480068F6F7C5F841EC1A0BDA
:10AA50005C212EA0F5F778FC28B15C212BA0F5F73E
:10AA600073FC401C00E029A080462F21F5F76CFC08
:10AA700088B15C2125A0F5F767FC28B15C2123A0F3
:10AA8000F5F762FC401C00E020A080462F21F5F77E
:10AA90005BFC401C0BE05C211CA0F5F755FC28B1C9
:10AAA0005C211AA0F5F750FC401C00E017A00746F7
:10AAB0001148006804908DED029B8DED00ABEE22F5
:10AAC000394619A008F0F0FC00BFBBE620010020C9
:10AAD0006F12033A8FC2F53C5C0100203333733FA1
:10AAE0006666863F00000000940100209801002067
:10AAF0009C010020A0010020A401002024010020CE
:10AB000028010020180100201C0100204170706CF9
:10AB100069636174696F6E5C4170705F66726565D0
:10AB200052544F532E6300005B25733A25645D2019
:10AB30004C6576656C207472696D2072656164790C
:10AB40003A20726F6C6C3D252E33662070697463F9
:10AB5000683D252E33662073616D706C65733D25ED
:10AB60006C750D0A00000000F0EE401AF4EEC11AF8
:10AB7000F1EE10FA02DDB0EE410A7047F4EEE01A91
:10AB8000F1EE10FA02D2B0EE600AF6E7B0EE610A1A
:10AB9000F3E7000008B500BF0020009016480068E9
:10ABA00040F40010144908600846006800F40010E2
:10ABB000009000BF00BF00220B210846FBF746FFB4
:10ABC0000B20FBF72FFF00220B210C20FBF73EFF91
:10ABD0000C20FBF727FF002205210E20FBF736FF94
:10ABE0000E20FBF71FFF002205210F20FBF72EFF91
:10ABF0000F20FBF717FF08BD3038024000B587B0C3
:10AC0000142102A8F5F786FB00BF002001904C48F4
:10AC1000006840F004004A4908600846006800F0F7
:10AC20000400019000BF00BF00BF00200190084653
:10AC3000006840F0800008600846006800F080006E
:10AC4000019000BF00BF00BF0020019008460068CF
:10AC500040F0010008600846006800F00100019023
:10AC600000BF00BF00BF002001900846006840F010
:10AC7000020008600846006800F00200019000BF72
:10AC800000BF012251032F48FBF796FA01224FF42F
:10AC9000C0612D48FBF790FA012211032B48FBF706
:10ACA0008BFA4FF400500290012003900020049092
:10ACB000059002A92348FBF77DF94FF4C06002908C
:10ACC00011200390012004900320059002A91E4842
:10ACD000FBF770F9042002904FF4881003900020D5
:10ACE000049002A91948FBF765F94FF480500290CF
:10ACF00001200390002004900320059002A913482E
:10AD0000FBF758F9402002904FF48810039002207E
:10AD1000049002A90D48FBF74DF900220B210820F1
:10AD2000FBF794FE0820FBF77DFE0022052117208B
:10AD3000FBF78CFE1720FBF775FE07B000BD000087
:10AD40003038024000080240000002400004024087
:10AD500010B50B480B4908600B48486000210948B2
:10AD60008160C1604FF480410161002141618161D6
:10AD7000C1610162FBF72CFA08B1F9F74BF910BD7C
:10AD80000054004094030020801A060010B50F48BC
:10AD90000F4908604FF48270486000210C488160C0
:10ADA000C1600221016101214161490281611021DB
:10ADB000C16100210162416281620A21C162FDF725
:10ADC000C9F908B1F9F726F910BD000000380040B4
:10ADD0004804002000B589B00020079008901C218D
:10ADE0006846F5F797FA4FF08040264908605320EF
:10ADF000486000212348816040F6BA11C1600021FB
:10AE0000016180218161FEF700F908B1F9F702F9CB
:10AE100000200790089007A91A48FDF795FC08B193
:10AE2000F9F7F8F8602000904FF47A700190002054
:10AE300002900490002269461248FEF764F808B1B7
:10AE4000F9F7E8F8042269460E48FEF75CF808B105
:10AE5000F9F7E0F8082269460A48FEF754F808B105
:10AE6000F9F7D8F8002001900C2269460548FEF752
:10AE70004AF808B1F9F7CEF80248FEF715F809B01C
:10AE800000BD00006005002000B587B000200590DF
:10AE900006900190029003900490174817490860AB
:10AEA000532048600021154881604FF6FF71C16052
:10AEB0000021016180218161FDF7FBFD08B1F9F7F7
:10AEC000A9F800200590069005A90C48FDF73CFC68
:10AED00008B1F9F79FF800200190012002900020AE
:10AEE00003900490082201A90448FDF773FD08B1FE
:10AEF000F9F790F807B000BD00040040A805002055
:10AF000010B50B480B4908604FF4E1304860002150
:10AF100008488160C16001610C21416100218161AB
:10AF2000C161FEF709FC08B1F9F774F810BD000023
:10AF300000480040F005002010B500220D490E48E1
:10AF400004F05BFB08B1F9F765F80C490A4804F016
:10AF500096FE08B1F9F75EF80949074803F054FF77
:10AF600008B1F9F757F8044804F08CFF08B1F9F775
:10AF700051F810BD08000020E006002090000020DD
:10AF80005C00002010B500F0F5F800B910BD0820F5
:10AF900004490870002081F84C000A20F8F7D6FC1C
:10AFA00000BFF3E71426002010B52DED088B5248A2
:10AFB00090ED090AD0ED060A30EE600AF6EE000ABE
:10AFC00020EE200AB0EE408A90ED0A0AD0ED070A82
:10AFD00030EE600AF6EE000A20EE200AF0EE408A1B
:10AFE00090ED0B0AD0ED080A30EE600AF6EE000A8A
:10AFF00020EE200AB0EE409A9FED400AB4EEC08ADF
:10B00000F1EE10FA0DD39FED3D0AF4EEC08AF1EE99
:10B0100010FA06D39FED390AB4EEC09AF1EE10FA99
:10B0200003D20020BDEC088B10BDF0EE490AB0EE53
:10B03000680A06F0ADFBB0EE40BAF0EE4B0AB0EE97
:10B04000480A06F0A5FBF0EE40AAF0EE490AB0EE81
:10B05000680A06F0C1FBB0EE40BAF0EE4B0AB0EE63
:10B06000480A06F0B9FBB0EE40AA8AEE8A0AF0EE72
:10B07000040AB4EEE00AF1EE10FA01DD0020D1E797
:10B0800038EE280A30EE090AF0EE080AC0EE209ADF
:10B09000194890ED090AD0ED060A30EE200AF6EEC6
:10B0A000000A20EE200A80ED140A90ED0A0AD0ED85
:10B0B000070A30EE200AF6EE000A20EE200A80EDA4
:10B0C000150A90ED0B0AD0ED080A30EE200AF6EED4
:10B0D000000A20EE200A80ED160A89EE880A80ED2B
:10B0E000170A89EEA80A80ED180A89EE890A80ED10
:10B0F000190A012096E700001426002000001643DC
:10B10000004870474826002001480078704700003A
:10B1100014260020014890F84C00704714260020A7
:10B1200010B574211148F5F7F5F800200F490870A3
:10B1300048709FED0F0A084680ED0D0A9FED0C0A3E
:10B1400080ED0E0A9FED0A0A80ED0F0AB7EE000AA5
:10B1500080ED100AB7EE000A80ED110AB7EE000A82
:10B1600080ED120A002081F84C0010BD142600204A
:10B170000000000007480078012807D00548007843
:10B18000022803D003480078032801D1012070472A
:10B190000020FCE71426002003480078062801D090
:10B1A000012070470020FCE71426002030B52DED6B
:10B1B0000C8B8DB05C21A4A0F5F7C6F828B15C21FA
:10B1C000A1A0F5F7C1F8401C00E09FA005462F2183
:10B1D000F5F7BAF8002811D05C219BA0F5F7B4F878
:10B1E00028B15C2198A0F5F7AFF8401C00E096A0CC
:10B1F00005462F21F5F7A8F8401C0BE05C2192A032
:10B20000F5F7A2F828B15C218FA0F5F79DF8401C56
:10B2100000E08DA00446944890F8300092494969B6
:10B22000914A1269904B5B78CDE90032CDE902106A
:10B230008D4803784FF4AF7221468C4808F034F9FA
:10B24000894890ED0B0A10EE101A0846F5F7C3FC7A
:10B2500041EC180B844890ED0A0A10EE101A0846CB
:10B26000F5F7B9FC41EC190B7F4890ED090A10EE97
:10B27000101A0846F5F7AFFC41EC1A0B7A4890ED2E
:10B28000080A10EE101A0846F5F7A5FC41EC1B0B56
:10B29000754890ED070A10EE101A0846F5F79BFC6A
:10B2A00041EC1C0B704890ED060A10EE101A08468F
:10B2B000F5F791FC41EC1D0B5C2163A0F5F744F818
:10B2C00028B15C2160A0F5F73FF8401C00E05EA0CB
:10B2D00005462F21F5F738F888B15C215AA0F5F71B
:10B2E00033F828B15C2158A0F5F72EF8401C00E097
:10B2F00055A005462F21F5F727F8401C0BE05C21EF
:10B3000051A0F5F721F828B15C214FA0F5F71CF802
:10B31000401C00E04CA004468DED0A8B8DED089B8F
:10B320008DED06AB8DED04BB8DED02CB8DED00DB1D
:10B330004FF4B17221464EA008F0B6F84A4890ED9D
:10B34000120A10EE101A0846F5F745FC41EC180BEE
:10B35000454890ED110A10EE101A0846F5F73BFC2F
:10B3600041EC190B404890ED100A10EE101A0846F7
:10B37000F5F731FC41EC1A0B3B4890ED0F0A10EE4B
:10B38000101A0846F5F727FC41EC1B0B364890EDE8
:10B390000E0A10EE101A0846F5F71DFC41EC1C0BC6
:10B3A000314890ED0D0A10EE101A0846F5F713FC1F
:10B3B00041EC1D0B5C2124A0F4F7C6FF28B15C21F1
:10B3C00021A0F4F7C1FF401C00E01FA005462F217B
:10B3D000F4F7BAFF88B15C211BA0F4F7B5FF28B1E0
:10B3E0005C2119A0F4F7B0FF401C00E016A0054650
:10B3F0002F21F4F7A9FF401C0BE05C2112A0F4F709
:10B40000A3FF28B15C2110A0F4F79EFF401C00E0D0
:10B410000DA00446144890F84C000C908DED0A8B5A
:10B420008DED089B8DED06AB8DED04BB8DED02CB54
:10B430008DED00DB40F2651221461A4808F034F821
:10B440000DB0BDEC0C8B30BD4170706C69636174E4
:10B45000696F6E5C4D616743616C696272617469AA
:10B460006F6E2E6300000000142600207445010852
:10B470005B25733A25645D204D4147206D696E3A26
:10B48000252E31662C252E31662C252E3166206D19
:10B4900061783A252E31662C252E31662C252E31E9
:10B4A000660D0A00B845010870B50546FFF762FE53
:10B4B00038B922480078042803D0204800780528AD
:10B4C00001D1002070BD08F06DFC044601201B492D
:10B4D00008700846457044608460C46000200861BC
:10B4E0004861086781F830009FED150A084680ED35
:10B4F0001A0A9FED130A80ED1B0A9FED120A80EDD8
:10B50000090A9FED100A80ED0A0A9FED0E0A80EDF0
:10B510000B0A9FED0D0A80ED060A9FED0B0A80EDE8
:10B52000070A9FED090A80ED080A002081F84C0007
:10B530000420F8F70BFA0120C4E7000014260020CD
:10B540000000000000FEFFC600FEFF462DE9F041AE
:10B5500007460C4615461E460E480078042809D1B9
:10B560000C484068381A40F6B831884202D30520AA
:10B570000849087007480078052808D13CB135B162
:10B580002EB10620034908700120F8F7DFF9BDE865
:10B59000F0810000142600202DE9F05F2DED0A8BCC
:10B5A00004460D461CB9BDEC0A8BBDE8F09FFE4871
:10B5B000007801280FD1FC484068281AB0F57A6F4E
:10B5C00008D30220F849087008464560C560052088
:10B5D000F8F7BCF9E7E7F448007802287ED1F24892
:10B5E0000069401CF04908610027B4F9000000EE32
:10B5F000100AB8EEC00A0846D0ED060AB4EEE00A1A
:10B60000F1EE10FA09D2B4F9000000EE100AB8EE1B
:10B61000C00A084680ED060A0127B4F9000000EED2
:10B62000100AB8EEC00AE048D0ED090AB4EEE00A0C
:10B63000F1EE10FA09DDB4F9000000EE100AB8EEE0
:10B64000C00AD94880ED090A0127B4F9020000EECA
:10B65000100AB8EEC00AD448D0ED070AB4EEE00AEA
:10B66000F1EE10FA09D2B4F9020000EE100AB8EEB9
:10B67000C00ACD4880ED070A0127B4F9020000EEA8
:10B68000100AB8EEC00AC848D0ED0A0AB4EEE00AC3
:10B69000F1EE10FA09DDB4F9020000EE100AB8EE7E
:10B6A000C00AC14880ED0A0A0127B4F9040000EE7F
:10B6B000100AB8EEC00ABC48D0ED080AB4EEE00AA1
:10B6C000F1EE10FA09D2B4F9040000EE100AB8EE57
:10B6D000C00AB54880ED080A012700E0ABE0B4F9E4
:10B6E000040000EE100AB8EEC00AAF48D0ED0B0A15
:10B6F000B4EEE00AF1EE10FA09DDB4F9040000EE50
:10B70000100AB8EEC00AA84880ED0B0A01270FB155
:10B71000A548C560204600F077F9A3488068281A3C
:10B72000B0F5FA6F04D3A04885600620F8F70EF94B
:10B730009D4840682E1A9C4890ED090AD0ED060AF3
:10B7400030EE608A90ED0A0AD0ED070A70EE608A4A
:10B7500090ED0B0AD0ED080A30EE609A9FED930A47
:10B76000B4EEC08AF1EE10FA0FDB9FED900AF4EE12
:10B77000C08AF1EE10FA08DB9FED8C0AB4EEC09A95
:10B78000F1EE10FA01DB012000E00020804686483F
:10B7900090F830003F2801D1012000E000208146D0
:10B7A0008148C068281A40F6B831884201D3012088
:10B7B00000E0002082467C480069B0F5FA7F01D3A2
:10B7C000012000E00020834644F62060864228D312
:10B7D000B8F1000F25D0B9F1000F22D0BAF1000F57
:10B7E0001FD0BBF1000F1CD0FFF7DEFB30B90720E4
:10B7F0006D4908700920F8F7A9F8D4E603206A49D2
:10B800000870084645609FED6A0A80ED1A0A9FEDB0
:10B81000680A80ED1B0A002008670720F8F796F8F1
:10B82000C1E66448864205D307205F4908700920B5
:10B83000F8F78CF8B7E65C48007803287DD1B4F9B6
:10B84000000000EE100AB8EEC00A5748D0ED140A06
:10B8500030EE600AD0ED170A20EE200AB0EE40CAA2
:10B86000B4F9020000EE100AB8EEC00A4E48D0ED5E
:10B87000150A30EE600AD0ED180A20EE200AF0EE2C
:10B8800040AAB4F9040000EE100AB8EEC00A464817
:10B89000D0ED160A30EE600AD0ED190A20EE200A2B
:10B8A000B0EE40BA6CEE0C0A4AEEAA0A4BEE0B0A56
:10B8B000B0EE600A06F010FCB0EE408A18EE100AF6
:10B8C00005F0D1FC68B19FED3C0AB4EEC08AF1EE00
:10B8D00010FA06D39FED390AB4EEC08AF1EE10FAE1
:10B8E00005DD31484069401C2F49486110E02E4871
:10B8F00090ED1A0A30EE080A80ED1A0A90ED1B0A44
:10B9000008EE080A80ED1B0A006F401C26490867F4
:10B9100025488068281AB0F5FA6F04D3224885605C
:10B920000620F8F713F820484068281A42F21071F0
:10B93000884264D31C48006F00E061E0B0F5967F58
:10B9400006D20720184908700920F7F7FFFF2AE6FA
:10B95000154890ED1C0AB8EE409A90ED1A0AC0EE18
:10B96000098AD0ED1B0A80EE890AF0EE409A48EE73
:10B97000E89AF5EEC09AF1EE10FA03D29FED0C0AA8
:10B98000F0EE409AB0EE690A06F0A6FBF0EE40BA7F
:10B990008BEEA8AA1AEE100A05F065FCA8B19FED7F
:10B9A000080AB4EEC0AA0DE0142600200000FA43F5
:10B9B00000000000905F01000000C8420000FA444F
:10B9C000EC51383EF1EE10FA06DD07200D49087003
:10B9D0000920F7F7BBFFE6E518220A495031A1F12B
:10B9E0001C00F4F77EFC0120064981F84C0004207D
:10B9F0000870084645600820F7F7A8FF00BF00BFA1
:10BA000000BFD0E514260020664991ED096AD1ED0A
:10BA1000066A36EE666AF6EE006A26EE266AB0EE32
:10BA2000463A91ED0A6AD1ED076A36EE666AF6EE9D
:10BA3000006A26EE266AF0EE463A91ED0B6AD1EDE9
:10BA4000086A36EE666AF6EE006A26EE266AB0EE00
:10BA5000464A9FED556AB4EEC63AF1EE10FA0DD3A0
:10BA60009FED516AF4EEC63AF1EE10FA06D39FED5F
:10BA70004E6AB4EEC64AF1EE10FA00D27047494958
:10BA800091ED096AD1ED066A36EE266AF6EE006A95
:10BA900066EE264A91ED0A6AD1ED076A36EE266A0D
:10BAA000F6EE006A26EE265A91ED0B6AD1ED086A91
:10BAB00036EE266AF6EE006A66EE265AB0F90010F7
:10BAC00006EE101AB8EEC66A36EE646AC6EE031ABF
:10BAD000B0F9021006EE101AB8EEC66A36EE456AE4
:10BAE00086EE232AB0F9041006EE101AB8EEC66AE4
:10BAF00036EE656AC6EE042AB0EEE10AF0EEC20A3E
:10BB0000B0EEE21AB4EEE00AF1EE10FA14DBB4EE95
:10BB1000C10AF1EE10FA0FDB224991F83010F5EE70
:10BB2000C01AF1EE10FA01DB012200E002221143FB
:10BB30001C4A82F8301032E0F4EEC00AF1EE10FA3E
:10BB400014DBF4EEC10AF1EE10FA0FDB154991F89F
:10BB50003010B5EEC02AF1EE10FA01DB042200E04D
:10BB6000082211430F4A82F8301018E0B4EEE01AB0
:10BB7000F1EE10FA13DBB4EEC01AF1EE10FA0EDBA0
:10BB8000084991F83010F5EEC02AF1EE10FA01DB09
:10BB9000102200E020221143024A82F8301000BF38
:10BBA0006CE70000142600200000484200BFFEE7BA
:10BBB00070B55C2175A0F4F7C7FB28B15C2173A0B8
:10BBC000F4F7C2FB401C00E070A005462F21F4F7FB
:10BBD000BBFB88B15C216DA0F4F7B6FB28B15C21FA
:10BBE0006AA0F4F7B1FB401C00E068A005462F21D5
:10BBF000F4F7AAFB401C0BE05C2164A0F4F7A4FB63
:10BC000028B15C2161A0F4F79FFB401C00E05FA01D
:10BC100004461222214662A007F046FC002000F0F4
:10BC20002BF9012210216548FAF7C6FA0A2007F01D
:10BC30000BFD00F005F95C2154A0F4F785FB28B159
:10BC40005C2152A0F4F780FB401C00E04FA00546A9
:10BC50002F21F4F779FB88B15C214CA0F4F774FB39
:10BC600028B15C2149A0F4F76FFB401C00E047A01D
:10BC700005462F21F4F768FB401C0BE05C2143A034
:10BC8000F4F762FB28B15C2140A0F4F75DFB401C97
:10BC900000E03EA004461822214649A007F004FC1B
:10BCA000812000F0D7F806465C2138A0F4F74CFB61
:10BCB00028B15C2135A0F4F747FB401C00E033A01D
:10BCC00005462F21F4F740FB88B15C212FA0F4F743
:10BCD0003BFB28B15C212DA0F4F736FB401C00E0B3
:10BCE0002AA005462F21F4F72FFB401C0BE05C2116
:10BCF00026A0F4F729FB28B15C2124A0F4F724FB4B
:10BD0000401C00E021A004461A22214638A007F07A
:10BD1000CBFB812000F09EF806465C211BA0F4F7C7
:10BD200013FB28B15C2119A0F4F70EFB401C00E0C6
:10BD300016A005462F21F4F707FB88B15C2113A05C
:10BD4000F4F702FB28B15C2110A0F4F7FDFA401CC7
:10BD500000E00EA005462F21F4F7F6FA401C0BE098
:10BD60005C210AA0F4F7F0FA28B15C2107A0F4F7EF
:10BD7000EBFA401C00E005A004461C22214629A045
:10BD800007F092FB00F061F870BD00004170706C2C
:10BD900069636174696F6E5C4D795350492E63001D
:10BDA0005B25733A25645D204D795350495F496E98
:10BDB00069743A2073746172740D0A0000080240BD
:10BDC0005B25733A25645D204D795350495F496E78
:10BDD00069743A20646F696E6720666972737420B3
:10BDE00053504920726561642E2E2E0D0A0000000A
:10BDF0005B25733A25645D204D795350495F496E48
:10BE000069743A206669727374206279746520647B
:10BE10006F6E652C207365636F6E642E2E2E0D0A77
:10BE2000000000005B25733A25645D204D79535076
:10BE3000495F496E69743A20646F6E650D0A0000AF
:10BE400010B5002000F018F810BD10B5012000F06A
:10BE500013F810BD01B582B000200190401E0123EF
:10BE600001AA02A900900348FCF76CFA9DF80400AF
:10BE70000EBD00004804002010B504460CB101209E
:10BE800000E0002002464FF480510248FAF794F98E
:10BE900010BD00000004024000BFFEE710B50248DC
:10BEA000FAF7F3FF10BD00003C1C00202DE9F0471D
:10BEB00004460D4626683746D6F8408007F53060C0
:10BEC00000EB4510D0F80890104880450BD909F4D4
:10BED0000040B0F5004F06D14FF4004107F5306047
:10BEE00000EB451081602046FBF78AFC074880453F
:10BEF00008D9A079012805D104F29C4201212068CB
:10BF000004F078FC0020BDE8F08700000A30544FB0
:10BF10002DE9F04705460C46D5F800904E46D9F875
:10BF200040A006F5306000EB4410D0F80880A879F6
:10BF3000012855D108F0080008280FD14348824550
:10BF40000BD908F40040B0F5004F7BD14FF400410D
:10BF500006F5306000EB4410816073E008F02000CB
:10BF6000202806D1202106F5306000EB44108160C6
:10BF700068E008F02800002864D1344882450CD9D4
:10BF800008F40040B0F5004F07D14FF4004106F52A
:10BF9000306000EB4410816054E004EBC40105F50F
:10BFA000157000EB810706F5306000EB4410396A2C
:10BFB0000069C0F31200081A786164B9386930B9B1
:10BFC00005F29C420121286804F014FC03E0796921
:10BFD000F8680844F860E1B22846FAF7CDFD31E090
:10BFE0001B4882451BD108F40040B0F5004F07D133
:10BFF0004FF4004106F5306000EB4410816021E011
:10C0000008F02000202805D1202106F5306000EB43
:10C0100044108160E1B22846FAF7AEFD12E06CB937
:10C0200004EBC40105F5157000EB8100006928B927
:10C0300005F29C420021286804F0DCFBE1B22846AE
:10C04000FAF79AFD0020BDE8F08700000A30544F4F
:10C050000A31544F2DE9F84F07460E46D7F80090A5
:10C06000C84606EBC60107F1140000EB8104D4E9D1
:10C070000410884202D90120BDE8F88FD4E90401F8
:10C08000451AA068A84200D2A568E81C4FEA900AA9
:10C0900017E0D4E90401451AA068A84200D2A568B7
:10C0A000E81C4FEA900AB879ABB2F2B20090484669
:10C0B000E16805F067F8E0682844E06060692844BA
:10C0C000606108F5106000EB4610806980B2504551
:10C0D00006D3D4E90410884202D220690028D8D1BE
:10C0E000D4E9040188420ED806F00F01012000FABD
:10C0F00001FB40F6340050F8080020EA0B0040F63F
:10C10000340141F808000020B6E700009FED0B0A5B
:10C1100080ED030A9FED090A80ED040A9FED070AEE
:10C1200080ED050A002101769FED040A80ED070AE3
:10C130009FED020A80ED0A0A70470000000000002F
:10C140009FED020A80ED070A704700000000000022
:10C15000F0EE400A017E61B990ED030A80ED040A19
:10C160009FED120A80ED050A012101769FED0F0A6D
:10C17000704790ED030AD0ED042A30EE620A80EE9B
:10C18000201A9FED0B2A9FED0A0A30EE800AC0EEBE
:10C19000801A90ED050AD0ED052A71EE622A01EEB3
:10C1A000A20A80ED050A90ED050AE1E70000000013
:10C1B000899BD03B10B52DED028B0446B0EE408A32
:10C1C0009FED3C0AB4EEC08AF1EE10FA03D29FED67
:10C1D000390AB0EE408A9FED380AB4EEC08AF1EE1B
:10C1E00010FA03DD9FED340AB0EE408A94ED080AA0
:10C1F000D4ED090A30EE600A84ED030A94ED070AD3
:10C20000D4ED030A00EE880A84ED070A94ED070ACC
:10C21000DFED2A0AB4EEE00AF1EE10FA03DD9FED3D
:10C22000270A84ED070A94ED070ADFED250AB4EE2C
:10C23000E00AF1EE10FA03D29FED210A84ED070A1D
:10C24000B0EE480A2046FFF783FFD4ED020A60EE05
:10C25000208A94ED000AD4ED030A20EE200AD4EDE2
:10C26000010A94ED071A00EE810A30EE280A84EDE7
:10C270000A0A94ED0A0ADFED110AB4EEE00AF1EEC3
:10C2800010FA03DD9FED0D0A84ED0A0A94ED0A0A07
:10C29000DFED0B0AB4EEE00AF1EE10FA03D29FEDE7
:10C2A000080A84ED0A0A94ED030A84ED040ABDEC41
:10C2B000028B10BD6F12033A8FC2F53C0000FA43A7
:10C2C0000000FAC370B52DED068B0446B0EE409A1F
:10C2D0000D46B0EE608AF0EE41AA9FED590AB4EE29
:10C2E000C09AF1EE10FA03D29FED550AB0EE409AD3
:10C2F0009FED540AB4EEC09AF1EE10FA03DD9FED03
:10C30000510AB0EE409A94ED080AD4ED090A30EED5
:10C31000600A84ED030A94ED000AD4ED030A60EE8E
:10C32000209AB0EE490A2046FFF712FFD4ED020A28
:10C3300020EE20AAD4ED078AF5B394ED010AB0EE01
:10C34000C00ADFED410AB4EEE00AF1EE10FA4DDD6D
:10C35000D4ED031AB0EE681A01EE891AF0EE418AA4
:10C3600094ED011AB0EEC11ACAEE811AB0EE610A5C
:10C37000F4EEC08AF1EE10FA01DDF0EE408AB1EE83
:10C38000401AF4EEC18AF1EE10FA03D2B1EE401A6F
:10C39000F0EE418AD4ED011AB0EE691A01EEA81A46
:10C3A00071EE0A0AF4EEC80AF1EE10FA08DD94ED17
:10C3B000031AB5EEC01A00E018E0F1EE10FA0DDC39
:10C3C000B1EE481AF4EEC10AF1EE10FA08D294ED7B
:10C3D000031AB5EEC01AF1EE10FA01D2012100E005
:10C3E0000021084608B9C4ED078A00BFD4ED010A50
:10C3F00094ED071AB0EE690A00EE810A30EE0A0ADF
:10C4000084ED0A0A94ED0A0AB4EEC80AF1EE10FAB5
:10C4100001DD84ED0A8A94ED0A0AF1EE480AB4EED1
:10C42000E00AF1EE10FA03D2B1EE480A84ED0A0AEE
:10C4300094ED030A84ED040ABDEC068B70BD000088
:10C440006F12033A8FC2F53CBD37863501B594B003
:10C450000422F9A11498F3F768FF002857D1F8498E
:10C460000870F84908804FF47A70F74908804880CE
:10C470008880C880F548FFF749FEF548FFF746FE7B
:10C48000F448FFF743FEF448FFF740FEF348FFF798
:10C490003DFEF348FFF73AFE0020F24908705C21A8
:10C4A000F1A0F3F751FF28B15C21EFA0F3F74CFFA7
:10C4B000401C00E0ECA02F211190F3F745FF88B15C
:10C4C0005C21E9A0F3F740FF28B15C21E6A0F3F777
:10C4D0003BFF401C00E0E4A02F211190F3F734FF54
:10C4E000401C0BE05C21E0A0F3F72EFF28B15C219B
:10C4F000DDA0F3F729FF401C00E0DBA04FF48272BF
:10C5000001461290DFA006F0CFFF15B000BD072254
:10C51000E5A11498F3F709FF10B9FEF747FEF4E719
:10C520000722E3A11498F3F700FF002838D1FEF7A3
:10C5300029FD5C21CCA0F3F707FF28B15C21CAA03C
:10C54000F3F702FF401C00E0C7A02F211190F3F782
:10C55000FBFE88B15C21C4A0F3F7F6FE28B15C2194
:10C56000C1A0F3F7F1FE401C00E0BFA02F21119005
:10C57000F3F7EAFE401C0BE05C21BBA0F3F7E4FEFE
:10C5800028B15C21B8A0F3F7DFFE401C00E0B6A0A4
:10C5900040F20F1201461290C7A006F085FFB4E7E3
:10C5A0000622CEA11498F3F7C0FE002871D1A54849
:10C5B000007A012804D1A348B0F90000322836DB04
:10C5C0005C21A9A0F3F7C0FE28B15C21A6A0F3F777
:10C5D000BBFE401C00E0A4A02F211190F3F7B4FE95
:10C5E00088B15C21A0A0F3F7AFFE28B15C219EA02A
:10C5F000F3F7AAFE401C00E09BA02F211190F3F757
:10C60000A3FE401C0BE05C2197A0F3F79DFE28B130
:10C610005C2195A0F3F798FE401C00E092A04FF437
:10C620008B7201461290AFA006F03EFF6DE7844882
:10C630000078002837D05C218BA0F3F785FE28B165
:10C640005C2189A0F3F780FE401C00E086A02F212A
:10C650001190F3F779FE88B15C2183A0F3F774FEA3
:10C6600028B15C2180A0F3F76FFE401C00E07EA0A3
:10C670002F211190F3F768FE401C0CE05C217AA09A
:10C68000F3F762FE30B15C2177A0F3F75DFE401C4A
:10C6900001E07FE074A04FF48E72014612909FA0DB
:10C6A00006F002FF31E70320FEF7FEFE002836D039
:10C6B0005C216DA0F3F748FE28B15C216AA0F3F776
:10C6C00043FE401C00E068A02F211190F3F73CFED0
:10C6D00088B15C2164A0F3F737FE28B15C2162A029
:10C6E000F3F732FE401C00E05FA02F211190F3F71A
:10C6F0002BFE401C0BE05C215BA0F3F725FE28B16C
:10C700005C2159A0F3F720FE401C00E056A04FF436
:10C710009172014612908EA006F0C6FE39E0FEF737
:10C72000F3FC5C21129050A0F3F70EFE28B15C21BF
:10C730004DA0F3F709FE401C00E04BA02F21109004
:10C74000F3F702FE88B15C2147A0F3F7FDFD28B1A5
:10C750005C2145A0F3F7F8FD401C00E042A02F212A
:10C760001090F3F7F1FD401C0BE05C213EA0F3F7C5
:10C77000EBFD28B15C213CA0F3F7E6FD401C00E096
:10C7800039A011904FF4937201467DA0129B06F0E0
:10C790008BFEBAE6032288A11498F3F7C6FD0028A1
:10C7A00048D128480088002839D101202D49087037
:10C7B0005C212DA0F3F7C8FD28B15C212AA0F3F776
:10C7C000C3FD401C00E028A02F211190F3F7BCFD11
:10C7D00088B15C2124A0F3F7B7FD28B15C2122A029
:10C7E000F3F7B2FD401C00E01FA02F211190F3F7DA
:10C7F000ABFD401C0BE05C211BA0F3F7A5FD28B1AD
:10C800005C2119A0F3F7A0FD401C00E016A040F247
:10C810002F120146129069A006F046FE12E15C213B
:10C8200011A0F3F791FD30B15C210FA0F3F78CFD5F
:10C83000401CD7E007E1D3E053544F500000000004
:10C84000740100205C0100206C010020D801002050
:10C850003002002088020020040200205C02002038
:10C86000B4020020760100204170706C696361742D
:10C87000696F6E5C4170705F6672656552544F53AC
:10C880002E6300005B25733A25645D202121212061
:10C89000454D455247454E43592053544F50202152
:10C8A00021210D0A000000004D4147494E464F002E
:10C8B0004D414753544F50005B25733A25645D202A
:10C8C0004D41472063616C6962726174696F6E20CB
:10C8D00061626F727465640D0A0000004D41474348
:10C8E000414C00005B25733A25645D204D41474370
:10C8F000414C2072656A65637465643A206C6F63AD
:10C900006B2043483620616E64206C6F776572201F
:10C910007468726F74746C650D0A00005B25733A5D
:10C9200025645D204D414743414C2072656A656333
:10C930007465643A20666C69676874207374617406
:10C9400065206973206E6F742049444C450D0A00C0
:10C950005B25733A25645D204D41472063616C6916
:10C9600062726174696F6E2072657175657374654A
:10C97000642062792073657269616C0D0A000000A1
:10C980005B25733A25645D204D41472063616C69E6
:10C9900062726174696F6E2072657175657374205F
:10C9A00072656A65637465642C2073746174653D97
:10C9B00025640D0A0000000041524D005B25733ACA
:10C9C00025645D203E3E3E2041524D45442120439A
:10C9D000415554494F4E21203C3C3C0D0A0000007B
:10C9E000AFF27C102F211190F3F7AEFCA0B15C21C7
:10C9F000AFF28C10F3F7A8FC30B15C21AFF29810C5
:10CA0000F3F7A2FC401C01E0AFF2A4102F2111901B
:10CA1000F3F79AFC401C0EE05C21AFF2B410F3F780
:10CA200093FC30B15C21AFF2C010F3F78DFC401CD9
:10CA300001E0AFF2CC1040F2331201461290F9A09F
:10CA400006F032FD61E514980078542874D1002076
:10CA5000129012AAFEA11498F3F786FC01286CD15B
:10CA60001298B0F52F7F02DD4FF42F7012901298BC
:10CA7000002801DA00201290129800B2F6490880CE
:10CA80001298002806DDF548007818B10120F44915
:10CA9000087044E00020F2490870129800283EDD3A
:10CAA0005C21AFF23C20F3F74FFC30B15C21AFF2D8
:10CAB0004820F3F749FC401C01E0AFF254202F213D
:10CAC0001090F3F741FCA0B15C21AFF26420F3F7C2
:10CAD0003BFC30B15C21AFF27020F3F735FC401C19
:10CAE00001E0AFF27C202F211090F3F72DFC401CC9
:10CAF0000EE05C21AFF29020F3F726FC30B15C2110
:10CB0000AFF29C20F3F720FC401C01E0AFF2A8201C
:10CB100040F2471201461190D2A006F0C5FC5C21FC
:10CB2000AFF2BC20F3F710FC40B15C21AFF2C8209B
:10CB3000F3F70AFC401C03E035E032E0AFF2D82006
:10CB40002F211090F3F700FCA0B15C21AFF2E82098
:10CB5000F3F7FAFB30B15C21AFF2F420F3F7F4FB0A
:10CB6000401C01E0AFF200302F211090F3F7ECFBF6
:10CB7000401C0EE05C21AFF21030F3F7E5FB30B162
:10CB80005C21AFF21C30F3F7DFFB401C01E0AFF299
:10CB90002830119040F249120146BAA0129B06F0CB
:10CBA00083FC00F04DBE1498007841287AD110A87B
:10CBB00011AB12AABAA100901498F3F7D5FB032881
:10CBC00071D19DED120ADFEDB90A20EE200ABDEE0B
:10CBD000C00A10EE100A00F5FA7000B29E49C88033
:10CBE0009DED110ADFEDB10A20EE200ABDEEC00A6C
:10CBF00010EE100A00F5FA7000B288809DED100A60
:10CC0000DFEDAA0A20EE200ABDEEC00A10EE100ADF
:10CC100000F5FA7001B2904841801098F3F7DBFFFD
:10CC2000CDE90E011198F3F7D6FFCDE90C0112986A
:10CC3000F3F7D1FFCDE90A015C21AFF2D430F3F76D
:10CC400083FB30B15C21AFF2E030F3F77DFB401C99
:10CC500001E0AFF2EC302F210890F3F775FBA0B1A3
:10CC60005C21AFF2FC30F3F76FFB30B15C21AFF227
:10CC70000840F3F769FB401C01E0AFF214402F219C
:10CC80000890F3F761FB401C10E05C21AFF22840F4
:10CC9000F3F75AFB40B15C21AFF23440F3F754FB99
:10CCA000401C03E016E014E0AFF244400990DDE9D7
:10CCB0000E01CDE90401DDE90C01CDE90201DDE958
:10CCC0000A014FF4AB72CDE9000179A0099906F091
:10CCD000EBFB66E714980078502879D10EA80FA9CD
:10CCE00010AA12ABCDE90021029011AA7BA11498E1
:10CCF000F3F73AFB05286CD1119800286AD11298F5
:10CD000001286ED19DED100A794880ED000A9DED55
:10CD10000F0A80ED010A9DED0E0A80ED020AFFF771
:10CD2000F5F90E98F3F757FFCDE90C010F98F3F7DB
:10CD300052FFCDE90A011098F3F74DFFCDE9080144
:10CD40005C21AFF2DC40F3F7FFFA30B15C21AFF2C7
:10CD5000E840F3F7F9FA401C01E0AFF2F4402F216C
:10CD60000690F3F7F1FAA0B15C21AFF20450F3F7AB
:10CD7000EBFA30B15C21AFF21050F3F7E5FA401C4A
:10CD800001E0AFF21C502F210690F3F7DDFA401CB2
:10CD90000EE05C21AFF23050F3F7D6FA30B15C21EF
:10CDA000AFF23C50F3F7D0FA401C01E0AFF248502C
:10CDB0000790DDE90C01CDE90401DDE90A01CDE9C7
:10CDC0000201DDE908014FF4B472CDE9000103E08E
:10CDD000B5E246E2F6E004E046A0079906F064FBFF
:10CDE000ACE212980228FBD19DED100A4D4880ED6F
:10CDF000000A9DED0F0A80ED010A9DED0E0A80EDFF
:10CE0000020AFFF783F90E98F3F7E5FECDE90C016E
:10CE10000F98F3F7E0FECDE90A011098F3F7DBFE77
:10CE200082E000005B25733A25645D2041726D202D
:10CE30004661696C65643A205468726F74746C65FD
:10CE4000206E6F74207A65726F210D0A0000000059
:10CE5000542C2564000000005C01002076010020B5
:10CE6000740100205B25733A25645D205741524EC2
:10CE7000494E473A204E6F742041726D6564210D12
:10CE80000A0000005B25733A25645D205365742019
:10CE90005468726F74746C653A2025640D0A000042
:10CEA000412C25662C25662C256600000000484292
:10CEB0005B25733A25645D2053657420416E676C71
:10CEC000653A20523D252E316620503D252E316693
:10CED00020593D252E31660D0A000000502C256496
:10CEE0002C25642C25662C25662C25660000000068
:10CEF0005C0200205B25733A25645D204779726FE0
:10CF0000582050494420757064617465643A202546
:10CF10002E33662C20252E33662C20252E33660DCD
:10CF20000A00000030020020CDE908015C21AFF2C8
:10CF3000C860F3F709FA30B15C21AFF2D460F3F7BF
:10CF400003FA401C01E0AFF2E0602F210690F3F7F6
:10CF5000FBF9A0B15C21AFF2F060F3F7F5F930B165
:10CF60005C21AFF2FC60F3F7EFF9401C01E0AFF297
:10CF700008702F210690F3F7E7F9401C0EE05C21C2
:10CF8000AFF21C70F3F7E0F930B15C21AFF228701A
:10CF9000F3F7DAF9401C01E0AFF234700790DDE9F5
:10CFA0000C01CDE90401DDE90A01CDE90201DDE969
:10CFB00008014FF4B872CDE90001F8A0079906F016
:10CFC00073FABBE11198012868D1129801286CD13D
:10CFD0009DED100AFD4880ED000A9DED0F0A80EDE1
:10CFE000010A9DED0E0A80ED020AFFF78FF80E98F8
:10CFF000F3F7F1FDCDE90C010F98F3F7ECFDCDE966
:10D000000A011098F3F7E7FDCDE908015C21AFF2C2
:10D01000A870F3F799F930B15C21AFF2B470F3F76F
:10D0200093F9401C01E0AFF2C0702F210690F3F796
:10D030008BF9A0B15C21AFF2D070F3F785F930B174
:10D040005C21AFF2DC70F3F77FF9401C01E0AFF236
:10D05000E8702F210690F3F777F9401C0EE05C2171
:10D06000AFF2FC70F3F770F930B15C21AFF6080055
:10D07000F3F76AF9401C01E0AFF614000790DDE910
:10D080000C01CDE90401DDE90A01CDE90201DDE988
:10D09000080140F27B12CDE9000101E072E004E0FA
:10D0A000CBA0079906F000FA48E11298022888D12F
:10D0B0009DED100AD24880ED000A9DED0F0A80ED2B
:10D0C000010A9DED0E0A80ED020AFFF71FF80E9887
:10D0D000F3F781FDCDE90C010F98F3F77CFDCDE965
:10D0E0000A011098F3F777FDCDE908015C21AFF64E
:10D0F0008800F3F729F930B15C21AFF69400F3F71B
:10D1000023F9401C01E0AFF6A0002F210690F3F7B1
:10D110001BF9A0B15C21AFF6B000F3F715F930B1FF
:10D120005C21AFF6BC00F3F70FF9401C01E0AFF64D
:10D13000C8002F210690F3F707F9401C0EE05C2190
:10D14000AFF6DC00F3F700F930B15C21AFF6E80090
:10D15000F3F7FAF8401C01E0AFF6F4000790DDE9C0
:10D160000C01CDE90401DDE90A01CDE90201DDE9A7
:10D17000080140F28312CDE90001A2A0079906F050
:10D1800093F9DBE0119802288ED11298012869D119
:10D190009DED100AA74880ED000A9DED0F0A80ED75
:10D1A000010A9DED0E0A80ED020AFEF7AFFF0E9810
:10D1B000F3F711FDCDE90C010F98F3F70CFDCDE964
:10D1C0000A011098F3F707FDCDE908015C21AFF6DD
:10D1D0006810F3F7B9F830B15C21AFF67410F3F7CB
:10D1E000B3F8401C01E0AFF680102F210690F3F752
:10D1F000ABF8A0B15C21AFF69010F3F7A5F830B111
:10D200005C21AFF69C10F3F79FF8401C01E0AFF6ED
:10D21000A8102F210690F3F797F8401C0EE05C2130
:10D22000AFF6BC10F3F790F830B15C21AFF6C81040
:10D23000F3F78AF8401C01E0AFF6D4100790DDE95F
:10D240000C01CDE90401DDE90A01CDE90201DDE9C6
:10D2500008014FF4C772CDE9000177A0079906F0E5
:10D2600023F96BE01298022868D19DED100A7E48E0
:10D2700080ED000A9DED0F0A80ED010A9DED0E0A7A
:10D2800080ED020AFEF742FF0E98F3F7A4FCCDE909
:10D290000C010F98F3F79FFCCDE90A011098F3F702
:10D2A0009AFCCDE908015C21AFF64420F3F74CF875
:10D2B00030B15C21AFF65020F3F746F8401C01E096
:10D2C000AFF65C202F210690F3F73EF8A0B15C2169
:10D2D000AFF66C20F3F738F830B15C21AFF6782068
:10D2E000F3F732F8401C01E0AFF684202F210690BE
:10D2F000F3F72AF8401C0EE05C21AFF69420F3F718
:10D3000023F830B15C21AFF6A020F3F71DF8401CE4
:10D3100001E0AFF6AC200790DDE90C01CDE9040196
:10D32000DDE90A01CDE90201DDE908014FF4CB7224
:10D33000CDE900014DA0079906F0B6F880E205227C
:10D3400056A11498F2F7F1FF002825D10521554880
:10D3500001700020544908802948FEF7D7FE534841
:10D36000FEF7D4FE4048FEF7D1FE1848FEF7CEFE89
:10D370004F48FEF7CBFE2F48FEF7C8FE5C21AFF604
:10D380001830F2F7E1FF30B15C21AFF62430F2F74C
:10D39000DBFF401C90E08DE03EE100005B25733A2E
:10D3A00025645D20416E676C6558205049442075A6
:10D3B0007064617465643A20252E33662C20252E16
:10D3C00033662C20252E33660D0A0000040200204F
:10D3D0005B25733A25645D204779726F5920504967
:10D3E0004420757064617465643A20252E33662C80
:10D3F00020252E33662C20252E33660D0A000000D2
:10D40000D80100205B25733A25645D20416E676C6E
:10D4100065592050494420757064617465643A20F0
:10D42000252E33662C20252E33662C20252E3366A0
:10D430000D0A0000B40200205B25733A25645D20CC
:10D440004779726F5A205049442075706461746541
:10D45000643A20252E33662C20252E33662C202579
:10D460002E33660D0A000000880200205B25733A07
:10D4700025645D20416E676C655A205049442075D3
:10D480007064617465643A20252E33662C20252E45
:10D4900033662C20252E33660D0A000043414C498B
:10D4A00042000000740100205C01002030020020D6
:10D4B0005C020020AFF650402F211190F2F744FF9C
:10D4C000A0B15C21AFF66040F2F73EFF30B15C21C5
:10D4D000AFF66C40F2F738FF401C01E0AFF6784041
:10D4E0002F211190F2F730FF401C0EE05C21AFF6C7
:10D4F0008840F2F729FF30B15C21AFF69440F2F793
:10D5000023FF401C01E0AFF6A0404FF4D372014668
:10D510001290CCA005F0C8FF5C21AFF6B440F2F742
:10D5200013FF30B15C21AFF6C040F2F70DFF401C95
:10D5300001E0AFF6CC402F211190F2F705FFA0B12A
:10D540005C21AFF6DC40F2F7FFFE30B15C21AFF6B4
:10D55000E840F2F7F9FE401C01E0AFF6F4402F215D
:10D560001190F2F7F1FE401C0EE05C21AFF608507E
:10D57000F2F7EAFE30B15C21AFF61450F2F7E4FEA8
:10D58000401C01E0AFF6205040F2A7120146129075
:10D59000B6A005F089FF5C21AFF63450F2F7D4FE57
:10D5A00030B15C21AFF64050F2F7CEFE401C01E0F6
:10D5B000AFF64C502F211190F2F7C6FEA0B15C21BE
:10D5C000AFF65C50F2F7C0FE30B15C21AFF66850A8
:10D5D000F2F7BAFE401C01E0AFF674502F21119013
:10D5E000F2F7B2FE401C0EE05C21AFF68450F2F779
:10D5F000ABFE30B15C21AFF69050F2F7A5FE401CB7
:10D6000001E0AFF69C504FF4D47201461290A6A0F0
:10D6100005F04AFFFEF779BF149800784D2872D1C3
:10D62000002012904FF47A70119011AB12AAACA1A5
:10D630001498F2F799FE02286FD11198B0F57A7F0D
:10D640006BDB1198B0F5FA6F67DC0720A64908700C
:10D65000129888BBA54911980880119848801198A4
:10D6600088801198C8805C21AFF60460F2F76CFEE8
:10D6700030B15C21AFF61060F2F766FE401C01E0AD
:10D68000AFF61C602F210F90F2F75EFEA8B15C216F
:10D69000AFF62C60F2F758FE30B15C21AFF638607F
:10D6A000F2F752FE401C01E0AFF644602F210F90CC
:10D6B000F2F74AFE401C0FE017E05C21AFF658601D
:10D6C000F2F742FE30B15C21AFF66460F2F73CFE47
:10D6D000401C01E0AFF6706010904FF4DE7201461E
:10D6E00083A0119B05F0E0FE67E01298012801D1AC
:10D6F000119801E04FF47A707C4908801298022852
:10D7000002D1119802E09BE04FF47A70774948808B
:10D710001298032802D1119802E090E04FF47A7039
:10D72000724988801298042801D1119801E04FF4C1
:10D730007A706E49C8805C21AFF6D460F2F704FEBF
:10D7400030B15C21AFF6E060F2F7FEFD401C01E075
:10D75000AFF6EC602F210F90F2F7F6FDA0B15C213F
:10D76000AFF6FC60F2F7F0FD30B15C21AFF6087067
:10D77000F2F7EAFD401C01E0AFF614702F210F9084
:10D78000F2F7E2FD401C0EE05C21AFF62470F2F7E8
:10D79000DBFD30B15C21AFF63070F2F7D5FD401CF7
:10D7A00001E0AFF63C7010901198009040F2C51265
:10D7B00058A0129B109905F077FE5C21AFF65870C7
:10D7C000F2F7C2FD30B15C21AFF66470F2F7BCFD38
:10D7D000401C01E0AFF670702F210F90F2F7B4FDFE
:10D7E000A0B15C21AFF68070F2F7AEFD30B15C21E4
:10D7F000AFF68C70F2F7A8FD401C01E0AFF6987010
:10D800002F210F90F2F7A0FD401C0EE05C21AFF637
:10D81000A870F2F799FD30B15C21AFF6B470F2F761
:10D8200093FD401C01E0AFF6C0701090119800907D
:10D830004FF4E47237A0129B109905F035FE00BF3B
:10D8400000BFE7E65B25733A25645D203D3D3D2042
:10D850004553432043414C4942524154494F4E2085
:10D860004D4F4445203D3D3D0D0A00005B25733A78
:10D8700025645D204F757470757474696E6720320D
:10D8800030303075732C20706C6561736520706F5B
:10D89000776572206F6E2045534373206E6F772E2D
:10D8A0002E2E0D0A000000005B25733A25645D20D2
:10D8B00041667465722062656570732C2073656EB5
:10D8C00064204D2C3130303020746F20736574200B
:10D8D0006D696E207468726F74746C652E0D0A0029
:10D8E0004D2C25642C256400740100206C0100205F
:10D8F0005B25733A25645D205465737420414C4C5C
:10D90000204D6F746F7273206174202564207573CD
:10D910000D0A00005B25733A25645D20546573741D
:10D92000204D6F746F72202564206174202564205F
:10D9300075730D0A0000000010B54FF480610448B3
:10D94000F8F732FC0446FCF7EDF8204610BD000065
:10D950000000024010B50248FAF74EFB10BD00006F
:10D960004804002070B50546AC6B0020E087E086D7
:10D970002046FAF73FFB70BD70B50546AC6B2068DA
:10D98000406820F0030021684860606D40F010009E
:10D990006065012084F851002046FAF72BFB70BD2A
:10D9A00070B50446A56B2846FAF7CBFC70BD70B580
:10D9B0000446A56B2846FAF7C3FE70BD70B5054650
:10D9C000AC6BF8F7FFFB06462868006800F480702F
:10D9D000B0F5807F2BD02068406820F020002168BF
:10D9E0004860A06850B96068B0F5827F06D12068B1
:10D9F000406820F003002168486005E02068406826
:10DA000020F001002168486032466421204600F081
:10DA100047F808B1202060650020E087012084F8E5
:10DA20005100606D18B12046FAF7E4FA70BD204647
:10DA3000FAF786FC00BFF9E770B50546AC6BF8F75E
:10DA4000C1FB06462868006800F48070B0F5807F4E
:10DA500021D02068406820F02000216848603246CC
:10DA60006421204600F066F818B1606D40F0200097
:10DA700060652068406820F003002168486000204D
:10DA8000E086E087012084F85100606D18B12046DF
:10DA9000FAF7B0FA70BD2046FAF72AFE00BFF9E7A0
:10DAA000F8B504460E4615466068B0F5827F0DD184
:10DAB000A068B0F5004F03D0A068B0F5806F05D125
:10DAC0002068006820F04000216808606068B0F5B8
:10DAD000827F1FD1A068B0F5806F0DD03346002241
:10DAE00080212046009500F069F808B3606D40F091
:10DAF000200060650320F8BD334600220121204646
:10DB0000009500F05BF898B1606D40F02000606512
:10DB10000320F0E73346002201212046009500F063
:10DB20004DF828B1606D40F0200060650320E2E709
:10DB30000020E0E77CB504460E4615463346012238
:10DB400002212046009500F039F828B1606D40F0C0
:10DB50002000606503207CBD164800681821B0FBDA
:10DB6000F1F01549B0FBF1F04FF47A7148430190A0
:10DB70006068B0F5827F0DD13346002280212046B7
:10DB8000009500F01BF898B1606D40F020006065D2
:10DB90000320E0E700BF019800B908E00198401EAB
:10DBA000019020688068C0F3C0100028F3D100BF46
:10DBB0000020D0E77C00002040420F002DE9F84F04
:10DBC00004460D4690461E46DDF82890F8F7FAFA0E
:10DBD000A0EB0900371AF8F7F5FA82462C480068DE
:10DBE000C0F3CB307843009046E0701C002843D04F
:10DBF000F8F7E8FAA0EB0A00B84200D2A7BB206809
:10DC0000406820F0E000216848606068B0F5827FDD
:10DC10000DD1A068B0F5004F03D0A068B0F5806FBB
:10DC200005D12068006820F0400021680860A06AE3
:10DC3000B0F5005F0DD100BF2068006820F40050EF
:10DC4000216808602068006840F40050216808607E
:10DC500000BF012084F8510000BF002084F850006C
:10DC600000BF0320BDE8F88FFFE7009808B9002740
:10DC700002E00098401E0090206880682840A8427A
:10DC800001D1012000E000204045AED10020E9E7AD
:10DC90007C00002030B501460A461378521C1478E7
:10DCA00043EA042030BD2DE9F04106460F461546F3
:10DCB0001C4605B114B90120BDE8F081FCF73DF91F
:10DCC0003046FCF725F9FBF7A8FF18B1FCF743F93C
:10DCD0000120F1E73846FCF71BF9FBF79EFF18B16E
:10DCE000FCF739F90120E7E7FCF727F946F00100D6
:10DCF000FCF70EF9FBF791FF18B1FCF72CF90120A6
:10DD0000DAE70EE0012C03DD0020FBF795FF287019
:10DD1000012C03D10120FBF78FFF28706D1C601EC2
:10DD200084B2002CEEDCFCF716F90020C4E72DE9E4
:10DD3000F04107460E4614461D461CB915B1012098
:10DD4000BDE8F081FCF7F9F83846FCF7E1F8FBF79D
:10DD500064FF18B1FCF7FFF80120F1E73046FCF74B
:10DD6000D7F8FBF75AFF18B1FCF7F5F80120E7E701
:10DD70000CE014F8010BFCF7CBF8FBF74EFF18B1E1
:10DD8000FCF7E9F80120DBE7681E85B2002DF0DC26
:10DD9000FCF7E1F80020D3E710B500BFBF2080F307
:10DDA0001188BFF34F8FBFF36F8F00BF06F000F8ED
:10DDB00018B14FF080500449086000BF002080F384
:10DDC000118800BF10BD000004ED00E000B593B065
:10DDD000302107A8F2F79EFA142102A8F2F79AFA66
:10DDE00000BF002001902448006840F08050224984
:10DDF00008600846006800F08050019000BF00BF36
:10DE000000BF002001901D48006840F480401B497D
:10DE100008600846006800F48040019000BF00BF21
:10DE2000012007900004089002200D9041050E91FA
:10DE300004210F91A8211091022111910721129123
:10DE400007A8F9F789FE08B1F6F7E4F80F20029069
:10DE500002200390002004904FF4A05005904FF44E
:10DE600080500690052102A8F9F714FD08B1F6F7D5
:10DE7000D1F813B000BD00004038024000700040EF
:10DE80000348006840F470000149086070470000D2
:10DE900088ED00E010B50248FAF750FF10BD000011
:10DEA000A805002010B50248FAF748FF10BD000091
:10DEB0009806002010B502682B4B98420ED0B0F1A6
:10DEC000804F0BD0294B984208D0294B984205D05F
:10DED000284B984202D0284B984203D122F070027E
:10DEE0004B681A43204B984220D0B0F1804F1DD090
:10DEF0001E4B98421AD01E4B984217D01D4B984289
:10DF000014D01D4B984211D01C4B98420ED01C4B84
:10DF100098420BD01B4B984208D01B4B984205D01F
:10DF20001A4B984202D01A4B984203D122F4407205
:10DF3000CB681A4322F080034C6943EA04028B68E1
:10DF4000C3620B688362084B984202D00A4B984226
:10DF500001D10B690363036843F0040303600123E9
:10DF60004361026010BD0000000001400004004059
:10DF700000080040000C0040000401400040014047
:10DF8000004401400048014000180040001C0040CF
:10DF90000020004030B501F01F05012404FA05F30C
:10DFA000046A9C430462046A01F01F0502FA05F545
:10DFB0002C43046230BD000030B5026A056A25F0CA
:10DFC000010505624368846924F0700424F00304A9
:10DFD0000D682C4322F002028D682A43104DA8429E
:10DFE00000D103E00F4DA84206D100BF22F0080285
:10DFF000CD682A4322F00402094DA84202D0094DFF
:10E00000A84207D123F4807323F400734D692B4396
:10E010008D692B43436084614D684563026230BD66
:10E02000000001400004014030B5026A056A25F095
:10E03000100505624368846924F4E04424F44074C4
:10E040000D6844EA052422F020028D6842EA051298
:10E05000124DA84200D103E0114DA84207D100BFE4
:10E0600022F08002CD6842EA051222F040020B4DF8
:10E07000A84202D00A4DA84209D123F4806323F4B8
:10E0800000634D6943EA85038D6943EA8503436074
:10E0900084614D688563026230BD0000000001406C
:10E0A0000004014030B5026A056A25F480750562F6
:10E0B0004368C46924F0700424F003040D682C4301
:10E0C00022F400728D6842EA0522124DA84200D166
:10E0D00003E0114DA84207D100BF22F40062CD68D1
:10E0E00042EA052222F480620A4DA84202D00A4D7B
:10E0F000A84209D123F4805323F400534D6943EA25
:10E1000005138D6943EA05134360C4614D68C56317
:10E11000026230BD000001400004014030B5036AD6
:10E12000056A25F4805505624468C26922F4E0421C
:10E1300022F440720D6842EA052223F400538D68F0
:10E1400043EA0533084DA84202D0084DA84204D145
:10E1500024F480444D6944EA85144460C2614D68EA
:10E160000564036230BD000000000140000401406E
:10E1700070B50C461546026A066A26F0010606626C
:10E180008169184EB04214D0B0F1804F11D0164EB4
:10E19000B0420ED0154EB0420BD0154EB04208D052
:10E1A000144EB04205D0144EB04202D0134EB042CD
:10E1B00001D1012600E000261EB121F00301294310
:10E1C00001E041F0010121F0F001F02606EA03161A
:10E1D000314322F00A0204F00A06324381610262EE
:10E1E00070BD000000000140000400400008004035
:10E1F000000C0040000401400040014000180040B5
:10E2000070B50C461546026A066A26F010060662CC
:10E21000816921F4407141EA052121F470414FF4F4
:10E22000704606EA0336314322F0A002A02606EA31
:10E23000041632438161026270BD70B50C4615460A
:10E24000026A066A26F480760662C16921F003013B
:10E25000294321F0F001F02606EA0316314322F4A7
:10E2600020624FF4206606EA04263243C16102624E
:10E2700070BD70B50C461546026A066A26F48056D3
:10E280000662C16921F4407141EA052121F470411F
:10E290004FF4704606EA0336314322F420424FF42D
:10E2A000204606EA04363243C161026270BD70B591
:10E2B0000446A56B0020E8852846FBF78FF870BD63
:10E2C00070B506460025B46B20684069C0F3C015E0
:10E2D00094F84100212805D125B10020E084204692
:10E2E00000F0C8F820684069C0F3801594F8420037
:10E2F000222805D125B10020E085204600F074F8E1
:10E30000606C40F0100060642046FBF767F870BD59
:10E3100070B50546AC6B2868006800F48070002872
:10E3200042D1E08500BF00BF21680C3151E8001FD9
:10E3300021F4807021680C3141E80002002AF3D1F9
:10E3400000BF00BF00BF2168143151E8001F21F059
:10E3500001002168143141E80002002AF3D100BF16
:10E3600000BF00BF2168143151E8001F21F04000B8
:10E370002168143141E80002002AF3D100BF2020B7
:10E3800084F84200206B01280ED100BF00BF216835
:10E390000C3151E8001F21F0100021680C3141E8D8
:10E3A0000002002AF3D100BF00206063206B012827
:10E3B00004D1A18D2046FAF759FF02E02046FBF771
:10E3C00075FA70BD70B50546AC6B01206063206BBB
:10E3D000012805D1A08D41082046FAF747FF02E049
:10E3E0002046FBF764FA70BD00BF00BF02680C3224
:10E3F00052E8002F22F4907102680C3242E80013B8
:10E40000002BF3D100BF00BF00BF0268143252E8F6
:10E41000002F22F001010268143242E80013002BA1
:10E42000F3D100BF016B01290ED100BF00BF02680C
:10E430000C3252E8002F22F0100102680C3242E840
:10E440000013002BF3D100BF202180F842100021DF
:10E450000163704710B504462068C06820F0400092
:10E460002168C860202084F841002046FBF720FA8C
:10E47000002010BD00BF00BF02680C3252E8002F20
:10E4800022F0C00102680C3242E80013002BF3D1E5
:10E4900000BF202180F841107047F8B504460025E0
:10E4A000002694F84200222873D1A068B0F5805F5E
:10E4B0000BD1206948B9A66A20684068C0F30800FB
:10E4C0003080A06A801CA06214E0A56AA068B0F544
:10E4D000805F03D0A06828B9206918B92068406817
:10E4E000287004E02068406800F07F002870A06A6F
:10E4F000401CA062E08D401E80B2E085002846D11D
:10E500002068C06820F020002168C8602068C068CA
:10E5100020F480702168C8602068406920F0010004
:10E5200021684861202084F8420000206063206B4D
:10E53000012826D10020206300BF00BF21680C31D4
:10E5400051E8001F21F0100021680C3141E8000261
:10E55000002AF3D100BF2068006800F010001028E6
:10E560000AD100BF00200090206800680090206859
:10E570004068009000BF00BFA18D2046FAF776FEEC
:10E5800002E02046FBF792F90020F8BD01E00020F0
:10E59000FBE70220F9E700002DE9F84F0446206868
:10E5A000006920F44050E16808432168086121694E
:10E5B000A068084361690843E16908430090206846
:10E5C000C06849F20C618843009908432168C8601B
:10E5D0002068406920F44070A169084321684861BF
:10E5E00076492068884203D075492068884203D163
:10E5F000F9F74AFA814602E0F9F736FA8146E0690E
:10E60000B0F5004F6CD102206168A0FB01500346B9
:10E610001920A9FB007001462A463846F1F730FE62
:10E620006421B0FBF1F04FEA001A02206168A0FB00
:10E6300001510B461920A9FB00712A463846F1F713
:10E640001FFE834602206168A0FB0150034619208B
:10E65000A9FB00712A463846F1F712FE6421B0FB8F
:10E66000F1F000EBC00101EB0010ABEB80003221B8
:10E6700001EBC0006421B0FBF1F000F0F8000AEB00
:10E68000400A02206168A0FB015003461920A9FB43
:10E69000007001462A463846F1F7F2FD8346022013
:10E6A0006168A0FB015003461920A9FB00712A46AE
:10E6B0003846F1F7E5FD6421B0FBF1F000EBC00155
:10E6C00001EB0010ABEB8000322101EBC0006421B4
:10E6D000B0FBF1F000F007005044216888606AE068
:10E6E00004206168A0FB015003461920A9FB0070BB
:10E6F00001462A463846F1F7C3FD82460420616888
:10E70000A0FB015003461920A9FB007001462A46D0
:10E710003846F1F7B5FD6421B0FBF1F000EBC00124
:10E7200001EB0010AAEB8000322101EB0010642104
:10E73000B0FBF1F000F0F00A04206168A0FB01706A
:10E7400003461920A9FB00513A462846F1F798FDE7
:10E750006421B0FBF1F00AEB001A04206168A0FB11
:10E7600001510B461920A9FB00712A463846F1F7E2
:10E7700087FD834604206168A0FB015003461920F1
:10E78000A9FB007001462A463846F1F779FD64215D
:10E79000B0FBF1F000EBC00101EB0010ABEB80002F
:10E7A000322101EB00106421B0FBF1F000F00F000A
:10E7B000504421688860BDE8F88F000000100140D7
:10E7C0000014014077B581B0044615460298A06256
:10E7D000A58500206064222084F842002C48E16B6B
:10E7E000C8632C48E16B08642B48E16BC8640020C7
:10E7F000E16B086502AE32682368191D2B46E06B99
:10E80000F7F74EFB38B110206064202084F84200F6
:10E81000012004B070BD00BF002000902068006897
:10E82000009020684068009000BF00BF206970B170
:10E8300000BF00BF21680C3151E8001F41F4807017
:10E8400021680C3141E80002002AF3D100BF00BF6B
:10E8500000BF2168143151E8001F41F00100216818
:10E86000143141E80002002AF3D100BF00BF00BF0D
:10E870002168143151E8001F41F040002168143133
:10E8800041E80002002AF3D100BF0020C1E70000E8
:10E8900011E30008C5E30008C1E20008014691F851
:10E8A0004100212828D18868B0F5805F0BD1086924
:10E8B00048B90A6A1088C0F308000B685860086AF3
:10E8C000801C086205E00B6A581C086218780B6807
:10E8D0005860C88C401E80B2C88458B90868C068A7
:10E8E00020F080000B68D8600868C06840F04000E5
:10E8F0000B68D860002070470220FCE710B5024882
:10E90000FAF796FD10BD0000F00500202DE9F0415A
:10E9100004460D46D4F8C87204F53070D4F8D41209
:10E9200050F8210010B90320BDE8F08104F53070E3
:10E93000D4F8D41250F8216005F00F0000EB8001EC
:10E9400004F1140050F8210028B305F00F0000EB8B
:10E95000800104F1140050F8211005F00F0000EBC5
:10E96000C00207F1140000EB82008068B1FBF0F2F6
:10E9700000FB121078B9002105F00F0000EB8002B7
:10E9800004F1140040F8221000231A4629462046BC
:10E9900001F042F917E00020C6F8140204F53170C6
:10E9A000D4F8D41250F82100006960B1D6F80802FA
:10E9B00004F53171D4F8D42251F822102A460B699B
:10E9C00006F5047198470020AEE770B504460E4680
:10E9D00004F53070D4F8D41250F82150D4F8D41281
:10E9E00050F8210008B9032070BD3146204600F0E0
:10E9F0006AFFC5F80C02D5F8040204F53171D4F8A9
:10EA0000D43251F82310CA6805F5037190470020ED
:10EA1000EAE7000070B504460D463048017820460C
:10EA200000F01BFE00212D48007800F00F0000EBE5
:10EA3000800204F1140000EB8200C17328480178C1
:10EA4000204600F00AFE00212548007800F00F0063
:10EA500000EB800204F5AA7000EB8200C17321482C
:10EA60000178204600F0F9FD00211E48007800F0F2
:10EA70000F0000EB800204F1140000EB8200C17370
:10EA80001848007800F00F0000EB800204F1140039
:10EA900000EB8200816004F53070D4F8D41250F895
:10EAA0002100C8B104F53171D4F8D42251F82210F4
:10EAB0004868804704F53071D4F8D42251F8220018
:10EAC00001F0D6FB002104F53070D4F8D42240F8D0
:10EAD00022100020C4F8BC02002070BD0B010020F1
:10EAE0000C0100200D01002070B5044604F53070C3
:10EAF000D4F8D41250F821500DB9032070BD04F59C
:10EB00003170D4F8D41250F8210098B195F8000271
:10EB1000FF280FD095F8012295F8000204F5317115
:10EB2000D4F8D46251F826108B6829469847FF2004
:10EB300085F800020020E1E701460A20088001482C
:10EB400070470000840000202DE9F0410446822136
:10EB50000D4800F09EFC054601210B4800F099FC91
:10EB600006468121084800F094FC07460DB11020AC
:10EB7000A8710EB14020B0800FB14020B880432072
:10EB800020800148BDE8F081C80000202DE9F04157
:10EB9000044682210E4800F07CFC054601210C4809
:10EBA00000F077FC06468121094800F072FC074618
:10EBB0000DB11020A87116B14FF40070B08017B1DC
:10EBC0004FF40070B880432020800148BDE8F081F8
:10EBD000C80000202DE9F041044682210D4800F0D4
:10EBE00058FC054601210B4800F053FC06468121E4
:10EBF000084800F04EFC07460DB11020A8710EB178
:10EC00004020B0800FB14020B880432020800148D0
:10EC1000BDE8F081C800002070B504460E464FF4F0
:10EC2000077001F027FB054645B9002104F5307057
:10EC3000D4F8D42240F82210022070BD4FF407719E
:10EC40002846F1F767FB04F53070D4F8D41240F889
:10EC50002150D4F8D41250F82100C4F8BC02207C12
:10EC600098BB4FF40073022250480178204600F010
:10EC7000CBFE01214D48007800F00F0000EB800230
:10EC800004F1140000EB8200C1734B0202224848D9
:10EC90000178204600F0B8FE01214548007800F0D8
:10ECA0000F0000EB800204F5AA7000EB8200C17334
:10ECB00010214048007800F00F0000EB800204F1C2
:10ECC000140000EB8200816032E0FFE74023022263
:10ECD00036480178204600F097FE0121334800783D
:10ECE00000F00F0000EB800204F1140000EB820042
:10ECF000C173402302222E480178204600F084FE92
:10ED000001212B48007800F00F0000EB800204F591
:10ED1000AA7000EB8200C17310212648007800F031
:10ED20000F0000EB800204F1140000EB8200816010
:10ED3000082303221F480178204600F065FE0121C8
:10ED40001C48007800F00F0000EB800204F1140072
:10ED500000EB8200C1730020C5F8040204F5317194
:10ED6000D4F8D42251F82210086880470020C5F852
:10ED70001402C5F81802D5F8040208B902205CE7AD
:10ED8000207C48B94FF40073094801782046D5F833
:10ED9000042200F051FE07E0402305480178204698
:10EDA000D5F8042200F048FE002046E70B010020C1
:10EDB0000C0100200D01002070B5044604F53070F0
:10EDC000D4F8D41250F82150D4F8D41250F82100BD
:10EDD00008B9032070BD207C48B94FF4007309487E
:10EDE00001782046D5F8042200F026FE07E04023F3
:10EDF000044801782046D5F8042200F01DFE0020CA
:10EE0000E8E700000C010020024609B90320704722
:10EE100002F53170D2F8D43240F823100020F6E722
:10EE200010B5024602F53070D2F8D44250F82430C2
:10EE30000BB9032010BDC3F804120020FAE730B567
:10EE400003460C4603F53070D3F8D45250F8251021
:10EE500009B9032030BDC1F80842C1F810220020D2
:10EE6000F8E72DE9FC4105460C4605F53070D5F86C
:10EE7000D41250F82160002001900090804616B90D
:10EE80000320BDE8FC81207800F0600000283DD020
:10EE900020287CD1E08868B3207800F08000B8B1E9
:10EEA000E288607805F53171D5F8D4C251F82C109C
:10EEB0008B6831469847E088072801D9072000E091
:10EEC000E08807463A463146284600F012F91CE031
:10EED000607886F80002E088402801D2E08800E0EF
:10EEE000402086F8010296F801223146284600F0BB
:10EEF000DCF80AE0607805F53171D5F8D42251F8D4
:10EF0000221000228B682146984747E0607830B194
:10EF1000012832D00A2813D00B282FD121E095F8F0
:10EF20009C02032805D102226946284600F0E1F838
:10EF300005E02146284600F0ACF84FF0030824E035
:10EF400095F89C02032805D1012201A9284600F06A
:10EF5000D0F805E02146284600F09BF84FF0030862
:10EF600013E095F89C02032805D02146284600F0BE
:10EF700090F84FF0030808E009E006E02146284633
:10EF800000F087F84FF0030800BF00BF06E02146FD
:10EF9000284600F07EF84FF0030800BF00BF40464F
:10EFA0006FE7000070B5054605F53070D5F8D4124E
:10EFB00050F8214001260CB9032070BDD4F814028A
:10EFC000C0B90120C4F814020B48007800F00F000B
:10EFD00000EB800205F11400D4F8101240F8221062
:10EFE000054801782846D4F81032D4F8082200F0F9
:10EFF00013FE00263046E0E70B01002070B5044602
:10F000000D460026D4F8B8022946426820469047AB
:10F0100000B10326304670BD70B504460D4694F825
:10F020009C02012804D0022803D003280CD101E05F
:10F0300000BF00BF6888012805D10020C4F8A402E1
:10F04000204600F068F804E02946204600F021F848
:10F0500000BF00BF70BD024600207047024600207E
:10F06000704770B506460C4615462B4622460021D1
:10F07000304600F0E1FC002070BD70B506460C463D
:10F0800015462B4622460021304600F0C5FD0020E3
:10F0900070BD70B504460D468021204600F08CFD01
:10F0A0000021204600F088FD70BD70B504460E4674
:10F0B00015460320C4F89402C4F854514FF4B270BA
:10F0C00006514FF4AC7005512B46324600212046C4
:10F0D00000F0B2FC002070BD10B504460520C4F855
:10F0E000940200231A461946204600F0A5FC002091
:10F0F00010BD70B504460E4615460220C4F89402B1
:10F1000065616662A5612B4632460021204600F00B
:10F1100083FD002070BD10B504460420C4F894029D
:10F1200000231A461946204600F076FD002010BD47
:10F1300070B505460C462DB92246064906A000F0DA
:10F1400012FA04E02246034903A000F00CFA014839
:10F1500070BD0000BC09002043444320436F6E662D
:10F1600069670000024612200880014870470000CD
:10F170002400002070B505460C462DB922460649EC
:10F1800006A000F0F0F904E02246034903A000F0D5
:10F19000EAF9014870BD0000BC0900204344432047
:10F1A000496E746572666163650000000246042062
:10F1B00008800148704700003800002070B50546FF
:10F1C0000C462246024903A000F0CDF9004870BD6C
:10F1D000BC09002053544D6963726F656C6563749C
:10F1E000726F6E696373000070B505460C462DB9E9
:10F1F0002246064906A000F0B6F904E0224603497B
:10F2000003A000F0B0F9014870BD0000BC09002067
:10F2100053544D3332205669727475616C20436FBC
:10F220006D506F727400000070B505460C461A20D0
:10F230002080F6F717FC014870BD00003C0000205C
:10F2400070B504460D46E888012804D029462046BA
:10F25000FFF71FFF1EE094F89C02012804D002284B
:10F2600003D0032810D109E000BF0020A0600122D4
:10F2700004F108012046FFF73CFF0AE00122211DAE
:10F280002046FFF736FF04E029462046FFF701FF3E
:10F2900000BF00BF70BDF8B504460E4600200090C8
:10F2A0000027002570880012082875D2DFE800F0DA
:10F2B000C7040C20C7C7A5B5207CD4F8B4120A68CF
:10F2C000694690470746C1E0207C40B9D4F8B802AF
:10F2D000816A6846884707460220787007E0D4F8BC
:10F2E000B802C16A68468847074602207870ADE0D8
:10F2F000B078062878D2DFE800F00316293C506386
:10F30000D4F8B402406838B1207CD4F8B4124A680A
:10F3100069469047074605E031462046FFF7B9FEAB
:10F32000681CC5B267E0D4F8B402806838B1207CAC
:10F33000D4F8B4128A6869469047074605E031461A
:10F340002046FFF7A6FE681CC5B254E0D4F8B4020C
:10F35000C06838B1207CD4F8B412CA6869469047B6
:10F36000074605E031462046FFF793FE681CC5B20C
:10F3700041E0D4F8B402006938B1207CD4F8B4126A
:10F380000A6969469047074605E031462046FFF77F
:10F3900080FE681CC5B22EE051E0D4F8B40240698A
:10F3A00038B1207CD4F8B4124A69694690470746C0
:10F3B00005E031462046FFF76CFE681CC5B21AE036
:10F3C000D4F8B402806940B1207CD4F8B4128A69C0
:10F3D00069469047074606E006E031462046FFF7BB
:10F3E00058FE681CC5B206E031462046FFF751FEC4
:10F3F000681CC5B200BF00BF28E0207C30B9D4F83B
:10F40000B802416B68468847074605E0314620460A
:10F41000FFF73FFE681CC5B218E0207C40B9D4F865
:10F42000B802016B6846884707460720787005E0F8
:10F4300031462046FFF72DFE681CC5B206E0314676
:10F440002046FFF726FE681CC5B200BF00BF05B10D
:10F45000F8BDF088C0B1BDF8000080B1F088BDF8FB
:10F460000010884202DDBDF8000000E0F088009046
:10F47000BDF8002039462046FFF73BFE07E0314645
:10F480002046FFF706FE02E02046FFF744FE00BFDD
:10F49000DEE72DE9F84105460F462C462E464FF093
:10F4A000000870883178884218DD307800900FE0CD
:10F4B0006946204600F020F804466078052807D108
:10F4C000A04698F80200B84200D106E04FF00008CC
:10F4D0007088BDF800108842EADC00BF4046BDE8F5
:10F4E000F881014600200A4602E0431CD8B2521CB3
:10F4F0001378002BF9D1704710B5024610460B88DF
:10F50000047823440B800378981810BD70B5044626
:10F510000D4694F89C02012804D0022803D0032849
:10F520001AD101E000BF00BFE888022804D02946B4
:10F530002046FFF7AEFD14E00120E060D4F8A402FD
:10F5400018B1E06840F00200E060022204F10C0112
:10F550002046FFF7CEFD04E029462046FFF799FD3F
:10F5600000BF00BF70BD2DE9F04107460D46904633
:10F5700000240FB9BDE8F0813E463046FFF7B1FFE9
:10F58000022101EB4000B0F5007F01D9080204E040
:10F590003046FFF7A6FF4000801CA8F8000098F84E
:10F5A00000002855601CC4B203202855601CC4B25A
:10F5B00008E030782855761C601CC4B2002028551D
:10F5C000601CC4B230780028F3D100BFD2E70146F6
:10F5D000002031B1012906D0022906D0032908D123
:10F5E00005E0002007E0032005E0012003E0032000
:10F5F00001E0032000BF00BF70472DE9F041044641
:10F600000D46164614B90320BDE8F0810020C4F869
:10F61000B802C4F8C402C4F8D0020DB1C4F8B452A0
:10F62000012084F89C022670204600F055F9074618
:10F630003846E9E72DE9F04104460D46002600274B
:10F640002946D4F8C802F7F704FB06463046FFF710
:10F65000BEFF07463846BDE8F0812DE9F04104467B
:10F660000D46002600272946D4F8C802F7F7BCFA51
:10F6700006463046FFF7ABFF07463846BDE8F08147
:10F680002DE9F04705460F469146002F5AD105F166
:10F690001404D5F8940202284AD1A18960688842EE
:10F6A00013D9A1896068401A6060A1892069084463
:10F6B0002061284662682169FFF7DFFC00231A46B3
:10F6C0001946284600F0B8F932E0A08961688842FE
:10F6D00017D1A1892068884213D32068D5F89812E1
:10F6E00088420ED2002211462846FFF7C6FC0020B1
:10F6F000C5F8980200231A461946284600F09CF9DE
:10F7000016E095F89C0203280BD1D5F8B802C06822
:10F7100038B10020C5F8D402D5F8B802C16828462F
:10F7200088478021284600F047FA2846FFF7D4FC96
:10F7300095F8A00250B3284600F0C5FA002085F8DD
:10F74000A00223E047F080012846FFF784FC06462C
:10F75000FF2E1BD0D6B995F89C02032816D105F5CB
:10F760002E7050F82600406980B1C5F8D46205F5C6
:10F770002E7050F826003946426928469047804648
:10F78000B8F1000F02D04046BDE8F0870020FBE74B
:10F790002DE9F04705460F4691464FF00008002F2F
:10F7A00055D105F5AA76D5F89402032873D1B1890D
:10F7B0007068884214D9B1897068401A7060B18944
:10F7C000306908443061B3897068984201D9706823
:10F7D00000E0B089024628463169FFF742FC5AE052
:10F7E00095F8AA0200F01F0020B1012804D00228D9
:10F7F00012D109E0002411E040F2AE20415D28461C
:10F80000FFF72CFC044609E040F2AE20415D28469B
:10F81000FFF721FC044601E0002400BF00BF94B9BB
:10F8200095F89C0203280ED105F52E7050F824009F
:10F83000006940B1C5F8D44205F52E7050F8240097
:10F840000169284688472846FFF765FC23E007F052
:10F850007F012846FFF7FFFB0446FF2C1BD0D4B9DD
:10F8600095F89C02032810D105F52E7050F824005D
:10F87000806950B1C5F8D44205F52E7050F82400C7
:10F8800039468269284690478046B8F1000F02D079
:10F890004046BDE8F0870020FBE7014600207047A6
:10F8A00070B504460025012084F89C02D4F8B80203
:10F8B00038B12179D4F8B80242682046904700B1A7
:10F8C0000325284670BD70B504460D462946D4F878
:10F8D000C802F7F7FCF970BD10B50446207800287F
:10F8E0002AD11648C0F8E044C4F8C8024FF0A0403E
:10F8F000124908600420087102211048C1710021DA
:10F9000081710221417200218172C1720173817380
:10F91000C173F7F731FE08B1F4F77CFB802107488B
:10F92000F7F7E7F8402200210448F7F7E7F88022CC
:10F9300001210248F7F7E2F8002010BD3C1C00202E
:10F9400010B50246D2F8C83201F08000802809D1F3
:10F9500001F07F0000EBC00403F1140000EB840011
:10F96000807810BD01F07F0000EBC00403F5157036
:10F9700000EB84008078F4E770B504460D4604F58A
:10F980002E70D4F8D41250F8210008B9032070BDAD
:10F9900094F89C02032811D104F52E70D4F8D412E7
:10F9A00050F82100006A48B104F52E70D4F8D41242
:10F9B00050F821002946026A204690470020E6E7D9
:10F9C00070B504460D4604F52E70D4F8D41250F8E4
:10F9D000210008B9032070BD94F89C02032811D1BE
:10F9E00004F52E70D4F8D41250F82100406A48B1C2
:10F9F00004F52E70D4F8D41250F821002946426A3A
:10FA0000204690470020E6E72DE9F04704460F46E0
:10FA100015461E464FF00008C1462B463246394671
:10FA2000D4F8C802F7F75EF980464046FFF7CFFDED
:10FA300081464846BDE8F0872DE9F04704460D466B
:10FA400016461F464FF00008C1463B46324629463F
:10FA5000D4F8C802F7F78DF980464046FFF7B7FDA6
:10FA600081464846BDE8F08770B504460025012070
:10FA700084F89C020020C4F894026060C4F8A402D8
:10FA800084F8A002D4F8B80258B1D4F8B80240689B
:10FA900038B12179D4F8B80242682046904700B1C5
:10FAA00003254023002211462046FFF7ADFF012128
:10FAB00040F2631001554021C01E01534023002233
:10FAC00080212046FFF7A0FF01212320015540217E
:10FAD0002184284670BD014691F89C02042803D178
:10FAE00091F89D0281F89C020020704710B50446F1
:10FAF00094F89C0203280BD1D4F8B80240B1D4F892
:10FB0000B802C06920B1D4F8B802C169204688475C
:10FB1000002010BD02461174002070472DE9F0410D
:10FB200004460D46002600272946D4F8C802F7F7F8
:10FB30004DFE06463046FFF74AFD07463846BDE80B
:10FB4000F08170B504460D46294604F2AA2000F063
:10FB50007BF80120C4F894024FF42C70005BC4F8C9
:10FB6000980294F8AA0200F01F0020B1012809D0E1
:10FB7000022815D10DE004F2AA21204600F088F9F0
:10FB8000064616E004F2AA21204600F01AFB0646BB
:10FB90000FE004F2AA21204600F0D1F9064608E061
:10FBA00094F8AA0200F08001204600F005F806460D
:10FBB00000BF00BF304670BD2DE9F04104460D4640
:10FBC000002600272946D4F8C802F7F7F5F80646BC
:10FBD0003046FFF7FCFC07463846BDE8F08170B5BB
:10FBE000044600250026D4F8C802F7F712FE0546A1
:10FBF0002846FFF7ECFC0646304670BD014691F8FA
:10FC00009C02042803D091F89C0281F89D020420F4
:10FC100081F89C02002070472DE9F04704460D460C
:10FC200016461F464FF00008C1463B46324629465D
:10FC3000D4F8C802F7F705F980464046FFF7C7FC3D
:10FC400081464846BDE8F08770B505460E46344605
:10FC500020782870641C20786870641C2046FEF7A9
:10FC600019F86880641C641C2046FEF713F8A8800D
:10FC7000641C641C2046FEF70DF8E88070BD38B5A2
:10FC800004460D46002000900DB9032038BDC4F88D
:10FC9000B85204F52E70D4F8D41250F82100C06A7E
:10FCA00050B104F52E70D4F8D42250F82200C16A65
:10FCB00068468847C4F8D002D4F8D802401CC4F87B
:10FCC000D8020020E2E701460020704770B50446E4
:10FCD0000D46A88810BBE88800BB688880281DD224
:10FCE000A87800F07F0694F89C02032804D12946E6
:10FCF0002046FFF7CEF915E084F89E623146204693
:10FD0000FFF70CFF2046FFF706FA1EB1022084F829
:10FD10009C0207E0012084F89C0203E0294620466B
:10FD2000FFF7B7F970BD70B504460D460026D4F84C
:10FD3000B80230B1D4F8B80229460268204690478C
:10FD40000646304670BD000070B504460E460025DC
:10FD5000B0783D49087008460078012805D9314639
:10FD60002046FFF796F9032070BD94F89C02022804
:10FD700002D0032859D11FE033480078C0B132487F
:10FD800000786060304801782046FFF7CCFF0546D8
:10FD90003DB131462046FFF77CF9022084F89C02F1
:10FDA00009E02046FFF7B7F9032084F89C0202E03F
:10FDB0002046FFF7B0F943E02348007870B90220ED
:10FDC00084F89C022048007860601F480178204633
:10FDD000FFF714F92046FFF79EF925E01A49097844
:10FDE000606888421DD021792046FFF707F9164840
:10FDF00000786060144801782046FFF794FF0546BC
:10FE00005DB131462046FFF744F921792046FFF7DE
:10FE1000F5F8022084F89C0206E02046FFF77BF903
:10FE200002E02046FFF777F90AE031462046FFF767
:10FE300030F9054801782046FFF7E0F8032500BFB8
:10FE400000BF284690E700008000002070B50546FE
:10FE50000C466088012805D1C5F8A4022846FFF7A2
:10FE60005AF90EE06088022807D1A088001285F8B0
:10FE7000A0022846FFF74FF903E021462846FFF786
:10FE800008F970BD10B504462046FFF7A8FE10BD66
:10FE900070B504460D460026287800F0600088B151
:10FEA000202802D0402842D100E000BF04F52E7087
:10FEB000D4F8D41250F82100294682682046904791
:10FEC000064639E068780A282AD2DFE800F01A24CA
:10FED000291F290A0529150F29462046FFF7DBF9B6
:10FEE00023E029462046FFF7F1FE1EE02946204682
:10FEF000FFF72AFF064618E029462046FFF7A0F93B
:10FF000013E029462046FFF701FB0EE02946204674
:10FF1000FFF79CFF09E029462046FFF77DF804E043
:10FF200029462046FFF7B5F800BF00BF04E0294688
:10FF30002046FFF7AEF800BF00BF304670BD2DE988
:10FF4000F04705460F464FF000093C79387800F03D
:10FF50006000F8B1202802D040287DD100E000BF29
:10FF600021462846FFF777F80646FF2E11D086B9BE
:10FF7000C5F8D46205F52E7050F82600806840B1AF
:10FF800005F52E7050F826003946826828469047BD
:10FF9000814612E1787800287AD001282FD00328F2
:10FFA0006ED195F89C02022802D0032820D110E0DF
:10FFB00054B1802C08D021462846FFF7FDFD802152
:10FFC0002846FFF7F9FD03E039462846FFF761F8B8
:10FFD00013E0788840B93CB1802C05D0F88818B976
:10FFE00021462846FFF7E8FD2846FFF794F804E08D
:10FFF00039462846FFF74DF800BF00BFD6E095F818
:020000040801F1
:100000009C02022802D003283BD110E054B1802C7E
:1000100008D021462846FFF7CFFD80212846FFF76C
:10002000CBFD03E039462846FFF733F82EE0788809
:1000300020BB04F07F0018B121462846FFF7FAFAEA
:100040002846FFF768F821462846FFF704F80646D9
:10005000FF2E13D096B900E0AAE0C5F8D46205F5EA
:100060002E7050F82600806840B105F52E7050F8CB
:1000700026003946826828469047814606E007E018
:100080008FE039462846FFF704F800BF00BF8DE037
:1000900095F89C02022802D003287BD127E034B1D6
:1000A000802C04D039462846FEF7F3FF77E004F0B1
:1000B0008000802808D104F07F0000EB800105F16A
:1000C000140000EB810007E004F07F0000EB8001EA
:1000D00005F5AA7000EB81008046002088F80E002C
:1000E000022208F10E012846FFF703F857E004F05A
:1000F000800080280ED104F00F0000EB800105F194
:10010000140000EB8100C07B98B939462846FEF701
:10011000C0FF44E004F00F0000EB800105F5AA7079
:1001200000EB8100C07B20B939462846FEF7B1FFBD
:1001300035E004F08000802808D104F07F0000EB57
:10014000800105F1140000EB810007E004F07F005E
:1001500000EB800105F5AA7000EB810080460CB130
:10016000802C03D1002088F80E000CE021462846A0
:10017000FFF7E6FB20B1012088F80E0003E009E05C
:10018000002088F80E00022208F10E012846FEF732
:10019000B0FF04E039462846FEF77BFF00BF00BFF2
:1001A00004E039462846FEF774FF00BF00BF04E0B4
:1001B00039462846FEF76DFF00BF00BF4846BDE840
:1001C000F0872DE9F04105460E460027307800F013
:1001D000600030B1202802D0402840D100E000BFAC
:1001E00000BF95F89C02012804D0022803D0032800
:1001F0002ED101E000BF00BF3079012823D831792A
:100200002846FEF72BFF0446FF2C14D09CB905F5B9
:100210002E7050F82400806858B1C5F8D44205F516
:100220002E7050F8240031468268284690470746D1
:1002300002E0032700E00327F08840B93FB92846D1
:10024000FEF769FF03E031462846FEF722FF04E08F
:1002500031462846FEF71DFF00BF00BF04E03146CF
:100260002846FEF716FF00BF00BF3846BDE8F08104
:10027000704700000146014870470000202100201F
:1002800070B504460B4622461978587801282CD1BF
:1002900040F61C0080581D7805F00F060125B5407A
:1002A000ADB2284340F61C05A85002F5106000EBE3
:1002B0004110006800F40040F0BB1889C0F30A0048
:1002C0001D7940EA854040EA815040F0805040F47A
:1002D000004002F5106505EB41152D68284302F535
:1002E000106505EB411528602DE040F61C00805894
:1002F0001D7805F00F060125B540144E06EA0545A8
:10030000284340F61C05A85002F5306000EB411070
:10031000006800F4004078B91889C0F30A001D791C
:1003200040EA854040F0805040F4004002F53065DE
:1003300005EB41152D6800E005E0284302F5306526
:1003400005EB41152860002070BD00000000FFFF94
:1003500001460A464FF410608058C30ADB024FF48E
:100360001060835040F60400805840F4807340F6DB
:1003700004008350002070470FB470B504469DF808
:100380001900012818D1A06B20F48030A063E06828
:100390001B490840E060E06820F44010E0609DF8F0
:1003A0002000012803D1E06840F48010E06020467E
:1003B00000F028F8054613E0E06840F04000E060F7
:1003C000204600F01FF805469DF81D0020B9A06BDF
:1003D00040F48030A06303E0A06B20F48030A06381
:1003E0009DF81600012807D1A06840F00600A06023
:1003F000A06840F02000A060284670BC5DF814FBA7
:10040000BFFFBDFF08B501460020009000BF009867
:10041000401C00900098B0F1706F01D9032008BD16
:10042000086900F000400028F1D00A20009002E0A6
:100430000098401E009000980028F9D1086940F00B
:100440000100086100BF0098401C00900098B0F1C6
:10045000706F01D90320E2E7086900F0010000286D
:10046000F1D100BFDBE7000070B504460B46224621
:1004700019785878012848D102F5106000EB411036
:10048000006800F00040B0F1004F17D102F5106095
:1004900000EB4110006840F0006502F5106000EBD1
:1004A0004110056002F5106000EB4110006840F05B
:1004B000804502F5106000EB4110056040F63C00FD
:1004C00080581D7805F00F060125B540ADB2A84350
:1004D00040F63C05A85040F61C0080581D7805F0F9
:1004E0000F060125B540ADB2A84340F61C05A85043
:1004F00002F5106000EB411000682B4D284002F51A
:10050000106505EB411528604BE002F5306000EB0B
:100510004110006800F00040B0F1004F17D102F523
:10052000306000EB4110006840F0006502F530607B
:1005300000EB4110056002F5306000EB41100068EF
:1005400040F0804502F5306000EB4110056040F658
:100550003C0080581D7805F00F060125B540134E6C
:1005600006EA0545A84340F63C05A85040F61C00A5
:100570008558187800F00F060120B0400B4E06EAAF
:100580000040854340F61C00855002F5306000EBCA
:1005900041100068064D284002F5306505EB411515
:1005A0002860002070BD0000007833EC0000FFFFE1
:1005B0000078F3EF01460A46D2F8000E20F003005F
:1005C000C2F8000E40F60400805820F0020340F606
:1005D000040083500020704701460A46D2F8000EFE
:1005E00020F00300C2F8000E40F60400805840F0EE
:1005F000020340F604008350002070470FB4F0B5AA
:10060000054600272E46002405E0002105F58270EE
:1006100040F82410641C0F2CF7D39DF82200A0B9D9
:1006200040F60400805940F0020140F60400815178
:10063000A86B40F40010A863A86B20F40020A86306
:10064000A86B20F48020A86307E0A86B20F40010BA
:10065000A863A86B40F40020A8630020C6F8000E31
:100660009DF81D0001280CD19DF81B0020B9002128
:10067000284600F00AFD08E00121284600F005FDAB
:1006800003E00321284600F000FD1021284600F079
:1006900002FC00B10127284600F0D5FB00B101277C
:1006A00000214FF401608151001D815140F61C0072
:1006B000815100242EE006F5106000EB4410006824
:1006C00000F00040B0F1004F10D13CB94FF0006194
:1006D00006F5106000EB441001600DE04FF0904112
:1006E00006F5106000EB4410016005E0002106F5FE
:1006F000106000EB44100160002106F5106000EB73
:10070000441001614FF67F3106F5106000EB441094
:100710008160641C9DF81800A042CCD800242EE013
:1007200006F5306000EB4410006800F00040B0F1C6
:10073000004F10D13CB94FF0006106F5306000EB7E
:10074000441001600DE04FF0904106F5306000EB81
:100750004410016005E0002106F5306000EB441014
:100760000160002106F5306000EB441001614FF696
:100770007F3106F5306000EB44108160641C9DF809
:100780001800A042CCD84FF40160805920F4807149
:100790004FF4016081510020A8616FF080406861D2
:1007A0009DF81A0018B9A86940F01000A861A8695E
:1007B0000A490843A8619DF81E0018B1A86940F0D5
:1007C0000800A8619DF82200012803D1A869044906
:1007D0000843A8613846F0BC5DF814FB00383C8043
:1007E000040000400146886820F001008860002075
:1007F0007047000070B503460C4619461D6C18483A
:10080000854209D94FF43060405800F00040B0F103
:10081000004F01D1002070BD0026C1F8106BD1F847
:10082000100B40F40026C1F8106BD1F8100B40F00B
:100830001806C1F8106BD1F8100B40F0C046C1F893
:10084000106B012C09D1C1F8142B4FF430604058C3
:1008500040F080264FF4306046500020DBE7000077
:100860000A30544F30B504460B4622461978587862
:1008700001281ED102F5106000EB4110006820F441
:10088000001502F5106000EB41100560187903288F
:1008900002D0187902282AD102F5106000EB41102D
:1008A000006840F0805502F5106000EB41100560D3
:1008B0001DE002F5306000EB4110006820F40015E7
:1008C00002F5306000EB411005601879032802D072
:1008D000187902280BD102F5306000EB4110006856
:1008E00040F0805502F5306000EB411005600020BB
:1008F00030BD30B504460B46224619785878012899
:1009000021D102F5106000EB4110006800F00040BA
:1009100060B959B102F5106000EB4110006820F099
:10092000804502F5106000EB4110056002F5106093
:1009300000EB4110006840F4001502F5106000EB78
:100940004110056020E002F5306000EB41100068C6
:1009500000F0004060B959B102F5306000EB411081
:10096000006820F0804502F5306000EB4110056022
:1009700002F5306000EB4110006840F4001502F50C
:10098000306000EB41100560002030BD2DE9F843D8
:1009900081460E4690464D463478707801287DD1C8
:1009A000306920BB05F5106000EB44100069E64992
:1009B000084005F5106101EB4411086105F5106070
:1009C00000EB4410006940F4002105F5106000EBD5
:1009D0004410016105F5106000EB44100069C10C82
:1009E000C90405F5106000EB441001616FE005F5E6
:1009F000106000EB44100069C10CC90405F51060DB
:100A000000EB4410016105F5106000EB4410006933
:100A1000CD49084005F5106101EB4411086194B916
:100A2000B1683069884201D9B068306105F510605D
:100A300000EB4410006940F4002105F5106000EB64
:100A40004410016135E0B16830690844401EB0FBD4
:100A5000F1F087B205F5106000EB44100069BA4967
:100A6000C94301EAC741084305F5106101EB441190
:100A70000861307901281CD105F5106000EB4410A5
:100A8000006920F0C04105F5106000EB44100161E1
:100A900005F5106000EB4410006900E099E04FF0AC
:100AA000C04101EA4771084305F5106101EB4411AB
:100AB000086105F5106000EB441000693169C1F36D
:100AC0001201084305F5106101EB44110861B8F10A
:100AD000010F36D1F06928B105F5106000EB441024
:100AE000F1694161307901281ED140F60800405972
:100AF00000F4807060B905F5106000EB44100068E8
:100B000040F0005105F5106000EB441001600BE06F
:100B100005F5106000EB4410006840F0805105F5C9
:100B2000106000EB4410016005F5106000EB44100C
:100B3000006840F0044105F5106000EB44100160CE
:100B4000FEE005F5106000EB4410006840F0044141
:100B500005F5106000EB44100160307901280FD0DA
:100B600030690028ECD040F634004059317801F06B
:100B70000F0201219140084340F634014851DFE063
:100B800040F60800405900F4807060B905F5106027
:100B900000EB4410006840F0005105F5106000EBD8
:100BA000441001600BE005F5106000EB4410006894
:100BB00040F0805105F5106000EB44100160CDF865
:100BC0000080308A83B232784846F16800F0DAFA61
:100BD000B6E005F5306000EB44100069C10CC904B3
:100BE00005F5306000EB4410016105F5306000EB65
:100BF000441000695449084005F5306101EB441187
:100C0000086104BB306908B1B0683061B068306217
:100C100005F5306000EB44100069316AC1F3120140
:100C2000084305F5306101EB4411086105F53060BA
:100C300000EB4410006940F4002105F5306000EB42
:100C40004410016143E03069D0B905F5306000EB34
:100C500044100069B168C1F31201084305F5306121
:100C600001EB4411086105F5306000EB44100069A8
:100C700040F4002105F5306000EB4410016126E0EE
:100C8000B16830690844401EB0FBF1F087B2B0682B
:100C90007843306205F5306000EB441000692A4962
:100CA000C94301EAC741084305F5306101EB44112E
:100CB000086105F5306000EB44100069316AC1F34A
:100CC0001201084305F5306101EB44110861B8F1E8
:100CD000010F07D1F06828B105F5306000EB441032
:100CE000F1684161307901281ED140F60800405971
:100CF00000F4807060B905F5306000EB44100068C6
:100D000040F0005105F5306000EB441001600BE04D
:100D100005F5306000EB4410006840F0805105F5A7
:100D2000306000EB4410016005F5306000EB4410CA
:100D3000006840F0044105F5306000EB44100160AC
:100D40000020BDE8F8830000FFFF07E078B5034608
:100D50000024009400201A464C78012C35D10C78E0
:100D600002F5106505EB4414246804F00044B4F166
:100D7000004F60D10C7805EB4414246844F0006601
:100D80000C7805EB441426600C7805EB44142468B9
:100D900044F080460C7805EB4414266000BF009CAC
:100DA000641C009442F21075009CAC4201D90120F1
:100DB0000AE00C7802F5106505EB4414246804F091
:100DC0000044B4F1004FEAD035E00C7802F530650C
:100DD00005EB4414246804F00044B4F1004F2AD118
:100DE0000C7805EB4414246844F000660C7805EB9D
:100DF000441426600C7805EB4414246844F08046C3
:100E00000C7805EB4414266000BF009C641C009421
:100E100042F21075009CAC4201D901200AE00C7826
:100E200002F5306505EB4414246804F00044B4F185
:100E3000004FEAD000BF78BD0146886840F001004D
:100E400088600020704708B501460020009000BF70
:100E50000098401C00900098B0F1706F01D90320F9
:100E600008BD086900F000400028F1D00020009083
:100E70001020086100BF0098401C00900098B0F15D
:100E8000706F01D90320EBE7086900F0100010280B
:100E9000F1D00020E4E708B502460020009000BF32
:100EA0000098401C00900098B0F1706F01D90320A9
:100EB00008BD106900F000400028F1D0002000902B
:100EC000202040EA8110106100BF0098401C009073
:100ED0000098B0F1706F01D90320E9E7106900F0C4
:100EE00020002028F1D00020E2E710B501460B4693
:100EF00040F60804E45804F006020AB9002006E0AF
:100F0000022A01D0062A01D1022000E00F2010BDE4
:100F10000146486900F00100704701460B4640F663
:100F20001800C258001DC058024090B270470146D8
:100F30000B4640F61800C258001DC0580240100C65
:100F4000704770B5024613464FF40166F45840F6F8
:100F50003406F55801F00F0625FA06F606F00106EC
:100F600044EAC61403F5106606EB4116B66806EAB5
:100F7000040070BD10B50246134603F5306404EB5F
:100F80004114A06840F61404E458204010BD014606
:100F900048698A69104070472DE9F04104460D46C2
:100FA000274628464FEA920C02F0030300210AE08C
:100FB0004FF4805858F80780C0F80080401C401C4F
:100FC000401C401C491C6145F2D39BB100214FF4E9
:100FD000805858F8076000BF4FEAC10826FA08F8A1
:100FE00080F80080491C401CA3F101081FFA88F317
:100FF000002BF1D1BDE8F08170B504460E46002506
:10100000E06820F0C040E060012E10D1E06840F0C0
:101010000050E06000BF0A20F4F78CFF0A3520463C
:10102000FFF776FF012815D0C82DF4D312E07EB962
:10103000E06840F08040E06000BF0A20F4F77AFFEB
:101040000A352046FFF764FF20B1C82DF5D301E033
:10105000012070BDC82D01D10120FAE70020F8E77A
:1010600010B502460B461146D1F8000820F4FE6088
:10107000C1F80008D1F800084FF4FE6404EA031434
:101080002043C1F80008002010BD02461346D3F8E3
:1010900000080843C3F800080020704730B5034635
:1010A0001446022C49D12D48814204D32C48814258
:1010B00001D20F2245E02A48814204D329488142C7
:1010C00001D20E223DE02748814204D326488142C6
:1010D00001D20D2235E02448814204D323488142C5
:1010E00001D20C222DE02148814204D320488142C4
:1010F00001D20B2225E01E48814204D31D488142C3
:1011000001D20A221DE01B48814204D31A488142C1
:1011100001D2092215E01848814204D317488142C0
:1011200001D208220DE01548814204D314488142BF
:1011300001D2072205E0062203E00CB9092200E0F3
:101140000922D86820F47050D860D8684FF47055E0
:1011500005EA82252843D860002030BDC0ACD80005
:10116000C0E1E4000024F40080730601A0491A01E4
:10117000002D310140A44C0100366E0120ABA601C8
:101180000048E8012DE9F04304460D461E46DDF80F
:101190001CC0A0462946BCF1000F12D1F01C8708E4
:1011A00000230CE0D1F8009008F5805000EB0230ED
:1011B000C0F80090491C491C491C491C5B1CBB42DF
:1011C000F0D30020BDE8F08300BFFEE705E0DFEDCF
:1011D0000E0A70EE600AB0EE600ADFED0C0AB4EEA3
:1011E000E00AF1EE10FAF2DC05E0DFED070A70EE3E
:1011F000200AB0EE600ADFED060AB4EEE00AF1EE76
:1012000010FAF2D3704700000000B44300003443EA
:10121000000034C37CB5044600201D461646002954
:101220000BD0491ECDE90041044B6A4629463046A1
:1012300001F022F9009A002111707CBDA72B010852
:101240004100080218BF04200A0E18BF40F0010038
:101250004FF07F4232EA010108BF40F0020001284E
:1012600008BF052070470146C1F3C750FF2801D0D1
:10127000012070470020FCE70146C1F3C750FF285A
:1012800001D0012070470020FCE700000248006800
:10129000C0F30220704700000CED00E010B50028FC
:1012A00004DB0A07130E054A135406E00A07140E5E
:1012B000034A00F00F031B1FD45410BD00E400E0EC
:1012C00018ED00E010B54FF00E402DED028BB0EEA2
:1012D000408A18EE104A00EB4400B0F1506F4AD833
:1012E0004FF0FC40B0EB440F22D2B0EEC80AF7EE4C
:1012F000000A30EEC00AF6EE000A60EE208A18EE10
:10130000900A02F05BF801EE100A14F0004F1DBFC6
:10131000DFED2D0A9FED2D0AB1EE411ADFED2C0A0B
:1013200008BF9FED2C0AF8EE001A21EE218A05E095
:10133000DFED290A68EE088AB0EE600A9FED271AF1
:10134000DFED271A30EE080A48EE811A9FED251AC4
:1013500008EEA11ADFED241A48EE811A9FED231A38
:1013600008EEA11A68EE281ABDEC028B01EE810A84
:1013700030EE200A10BD4FF0E440B0EB440F0CD922
:1013800018EE100AFFF75CFF042808BF00F0E2FE29
:10139000B0EE480ABDEC028B10BD4FF07F40B0EBC1
:1013A000440F07D2B0EE480ABDEC028BBDE81040F6
:1013B00000F0BABE012000F08FFFBDEC028BBDE84B
:1013C000104000F0B7BE00000000C9BF22AAFDB95E
:1013D0000000C93F22AAFD390000000024FE1C3D88
:1013E000C78AD83C1E67383D1B93993DAFAA2A3E59
:1013F00010EE100A10B510EE901A4FF0684202EB92
:1014000040032DED028BB3F1654F3CBF02EB41026F
:10141000B2F1654F7CD200BFC0F3C753C1F3C752CE
:101420009A1A1B2A09DD10F0004F14BF9FED6E0AB7
:101430009FED6E0ABDEC028B10BD12F11A0F1BDA84
:1014400011F0004F09D010F0004F0CBF9FED680A5B
:101450009FED680ABDEC028B10BD80EE208A18EE6D
:10146000100AFFF7EDFE042808BF00F073FEB0EE8F
:10147000480ABDEC028B10BD4200B2EB410F37D9D8
:1014800010F0004F19BFDFED5C1A9FED5C1ADFED25
:101490005C1A9FED5C1AB0EE602A0A46F1EE400A33
:1014A00080F00041B0EE420A10460A1A5200B2F132
:1014B000807F34D2484010F0004FDFED532A9FED7B
:1014C000533A1DBFBEEE002A71EEE21A31EE431A06
:1014D000B6EE002A04BF71EEA21A31EE031AF0EE46
:1014E000402A42EE602A40EE020A82EEA02A18E06C
:1014F00011F0004F04BF9FED461AF0EE411AD4D010
:1015000010F0004F1CBFDFED431A9FED431A00E0BF
:1015100026E004BFDFED411A9FED411AC5E780EEDA
:10152000202A22EE020ADFED3F0ADFED3F2ABDEC62
:10153000028B40EE202ADFED3D0A40EE220ADFED6D
:101540003C2A40EE202ADFED3B0A40EE220A22EE42
:10155000000A00EE201A31EE020A30EE210A10BD18
:101560004FF07F42B2EB400F28BFB2EB410F05D2E4
:10157000BDEC028BBDE8104000F0D9BD40EA01038C
:101580005B0008BF41F0FF410BD0B2EB400F08BF3A
:10159000B2EB410F08D120F0804000EE100A21F09C
:1015A000804100EE901A37E7B2EB400F12BF5FEABE
:1015B000410240F0FF4001F000413FF42DAF4A00EE
:1015C00092EA40033FF528AF002AACBF9FED1A1AFC
:1015D0009FED1A1A20EE010A60EE810A10EE100A41
:1015E00010EE901A18E70000DB0FC9BFDB0FC93FF0
:1015F000DB0F4940DB0F49C00000C9BF22AAFDB97B
:101600000000C93F22AAFD390060ED3EC30ACE3773
:1016100000000000000049C022AA7DBA0000494035
:1016200022AA7D3A2DAD65BD8FB8D53D0FB511BE4F
:1016300061C84C3EA8AAAABE0000804F0000802FBF
:1016400010EE101A08B5444A6846B2EB410F28D98B
:101650004FF0E640B0EB410F94BF00204FF0FF3059
:1016600000900098002861DB60EE000A10F0010F86
:1016700045D010F0020FDFED391A9FED391A00EE58
:10168000E11ADFED381A40EE811A21EEA01AF0EED1
:10169000400A40EE010A08BFF1EE600AB0EE600AAF
:1016A00008BD314B21F0004293423CD911F0004F6C
:1016B000DFED2E0A20EE201ADFED2D0A19BF31EEE4
:1016C000601A71EE200A31EE201A71EE600ABDEE4A
:1016D000E01A11EE100A9FED271A00F0030000EE49
:1016E000C10A9FED251A009000EEC10A9FED231A52
:1016F00000EEC10A9FED221A00EEC10AB1E79FED8C
:10170000211A9FED210A10F0020F00EE810A9FEDD1
:101710001F1A00EE801AB7EE000A00EE810A18BF09
:10172000B1EE400A08BD00F01DFD9AE710EE100A68
:101730004000B0F17F4F3CBFB7EE000A08BD07D1B3
:101740004FF0010000F0C8FDBDE8084000F0F2BC19
:10175000BDE8084000F0E8BCB61F927E336D4C39FE
:10176000DA82083CA0AA2ABE490E494683F9223FE4
:101770000000004B0000C93F00A0FD390020A2334B
:101780001A61342CB93AB2BACA9F2A3DDDFFFFBEB6
:1017900010B52DED028BB0EE608AF0EE408A18EEA7
:1017A000101A18EE900AEFF7FBFB00F07040B0F152
:1017B000005F0CD018EE100A20F00040C0F1FF408E
:1017C000C00F02BFB0EE480ABDEC028B10BDB0EEF8
:1017D000680ABDEC028B10BD10B52DED028BB0EE8A
:1017E000608AF0EE408A18EE101A18EE900AEFF7B1
:1017F000D7FB00F07040B0F1004F0CD018EE100A8B
:1018000020F00040C0F1FF40C00F02BFB0EE480A18
:10181000BDEC028B10BDB0EE680ABDEC028B10BDB2
:1018200010B52DED028BF0EE408A18EE900AEFF71E
:10183000DAFA08EE100A18EE900AB7EE000A78EE0F
:10184000C80A10F0004F4FF07F4010EE901A12D0EF
:10185000B1F13F4F24BF10EE901AB0EB410F12D2FE
:1018600010EE901AB1F17C5F1CDD10EE901AB0EB17
:10187000410F17D314E0B1F13F4F07D910EE901A82
:10188000B0EB410F02D338EE408A0BE010EE901A15
:10189000B1F17C5F06DB10EE901AB0EB410F01D383
:1018A00038EE008A18EE101AB1F19E4F04DD18EEE2
:1018B000101AB0EB410F09D218EE101AB1F14F4FC8
:1018C00007D918EE101AB0EB410F02D3012000F037
:1018D00003FD18EE100ABDEC028BBDE81040EFF7D7
:1018E00021BB000010B510EE100A2DED068BB7EEEF
:1018F000001A10EE901AB0EE418A0022A0F5000CFA
:10190000DFEDFE9A4FF00073BCF1FE4F4FF07F44C5
:1019100003EB410C80F0B481BCF1804FC0F0208219
:10192000F74901449FEDF73AB1F5005F40F2D482E8
:1019300000F58021CB0C03F00F0101EE901AC3F3E8
:1019400007137F3BA0EBC350B8EEE12A00EE100A6C
:101950001A44DFEDED2AF0EE411A42EE221AF0EEC3
:10196000613A70EE232A30EE632A12EE900A00F5F7
:1019700000606FF30B0001EE900A73EEE13A33EE74
:10198000804AC1EE223A22EE230A10EE100A00F538
:1019900000606FF30B0000EE100A00EE612A00EE0B
:1019A000442A62EE232A70EE221A21EEA12ADFEDEC
:1019B000D73A02EE233A23EE023A20EE012A22EE33
:1019C000811A03EE211A32EE010A10EE100A00F518
:1019D00000606FF30B0000EE100A72EE401A31EE59
:1019E000812A9FEDCB1A60EE011A9FEDCA1A20EEF4
:1019F000011A9FEDC90A02EE001A31EE810A10EEBB
:101A0000100A00F500606FF30B0000EE100AC348E7
:101A100071EEC01A31EE812A784400EBC10090EDDE
:101A2000003AD0ED011A100101EE100AF8EEC12AB9
:101A300032EE211A31EE001A31EE031A31EE221A7B
:101A400011EE100A00F500606FF30B0009EE100AAA
:101A500039EE621A31EE431A31EE400A30EE610A75
:101A600032EE40AA10EE900A002100F500606FF3FC
:101A70000B0008EE900A084670EEE8AAEFF7ABFA02
:101A800029EE280A00F00C01F0EEC00A10EE900AD0
:101A9000B0F18B4F0DDD10EE900AB4EB400F08D380
:101AA00010EE100A4FF08B4262F31E0008EE900A0F
:101AB00013E069EE2A0A38EEAA1A4AEE010A30EE5D
:101AC000201A11EE100A00F500606FF30B0008EE0B
:101AD000900A30EE680A70EE209A0C20EFF77BFA3D
:101AE00038EEA90AB5EEC00AF1EE10FA34BFFEEEE8
:101AF000000AF6EE000A30EE800ABDEEC00A10EED3
:101B0000100A011100EE101AF8EEC00A00EE100AD9
:101B1000B8EEC00A38EEC00A30EE290ADFED801AAE
:101B20009FED801A00EE211ADFED7F1A7F4900F049
:101B30000F0040EE011A21EE800A794401EB80018A
:101B400091ED001A7A49794401EB8001D1ED001A38
:101B5000784901EE801A794401EB8000764990EDD6
:101B6000000A31EE001AB0EEE00A10EE100A8842C8
:101B700015DA10EE100AB4EB400F10D39FED6F0A88
:101B800030EE800ADFED6E0A20EE200A68EE010AD0
:101B9000BDEC068BBCEEC00A20EE200A10BD10EE94
:101BA000100A6849884243DA10EE100AB4EB400F7D
:101BB0003ED3BDEEE00A68EE010A10EE100A00EB1B
:101BC000D0725110C90501F17E5100EE101AA0EB40
:101BD0006200C00560EE200A00F17E5000EE100A9F
:101BE00060EE808A18EE900AB4EB400F0FD102200D
:101BF00000F072FB00F0A6FA10EE101A18EE100AB0
:101C0000BDEC068B61F31E0000EE100A10BD18EE4D
:101C1000900A400011D018EE900AFFF711FB04283B
:101C200008BF00F097FAB0EE680ABDEC068B10BD55
:101C3000F5EEC00AF1EE10FA0FD2022000F04CFBD4
:101C400000F088FA10EE101A18EE100ABDEC068BA0
:101C500061F31E0000EE100A10BD022000F03CFBF4
:101C600000F070FA10EE101AB0EE480A10EE100AEA
:101C7000BDEC068B61F31E0000EE100A10BD00BF24
:101C8000BCF1804F6CD300BF00F1FF43B3F1FE4FB6
:101C900024D200BFB0EEC00A10EE100AC1F3C75341
:101CA0007F2B0DDB972BBFF63BAEC3F196034FF0B6
:101CB000010C0CFA03F3A3F1010C1CEA010F08D08C
:101CC000012000F009FBBDEC068BBDE8104000F0E0
:101CD00031BA0B4218BFBFEE008A21E643001CBF99
:101CE0004FF08073B3EB400F34D96FF01A02DFED81
:101CF000161A20EE210A10EE100A27E0000000005C
:101D0000001080C0ABAAAA3E0000803D7EE24C3E9F
:101D100000B03842D49AB8BB3BAA384258280000D9
:101D2000FC596337C9FF753A1872313DF627000038
:101D30002A2800009A2700000000FC420000FE4212
:101D40000000004B000040430000004D10F0004F29
:101D5000A0D1E5E5A0F50003B3F1FE4F21D2DFE508
:101D600003EB4103B3F1007F11D3F5EEC00AF1EEAE
:101D700010FA05D1430018BFB4EB400F76D883E7C3
:101D800001F0004141F0FC5100EE901A7CE7B3F104
:101D9000807F06D210EE903AA3F5000300EE903A51
:101DA00072E720F000426FF0FF4C604C02EB0C0336
:101DB000A34210D321F000439C44A4450BD3B0F1BF
:101DC0007E5F18BF5FEA410C50D0B2F1FF4F98BF61
:101DD000B3F1FF4F05D9BDEC068BBDE8104000F014
:101DE000A6B9B0F1FF4F0FD0C1F3C7527F2A09DB6C
:101DF000972A11DAC2F19602012303FA02F2531E66
:101E00000B4205D0002208E011F0004F55D128E028
:101E10000A4218BF012200D1022210F5000F13D090
:101E200028B3B0F1004F26D010F1814F4FD04FF0C2
:101E3000FE42B2EB400F94BF01200020012202EBD2
:101E4000E171884239D10CE011F0004F02D0012A33
:101E500038D032E0012A02BF9FED350ABDEC068B77
:101E600010BD9FED340ABDEC068B10BD2FE011F0C4
:101E7000004F0CD121E0B1F1FF4F1ED011F5000F42
:101E800005D011F0004F15D00AB1012A08D0022068
:101E900000F022FABDEC068BBDE8104000F03AB924
:101EA000022000F019FA00F035F9BDEC068BB1EE16
:101EB000400A10BD0AB1012A04D0B0EE690ABDEC97
:101EC000068B10BDBDEC068B9FED1B0A10BDBDEC53
:101ED000068BB7EE000A10BD30EE410AB5EE001ACF
:101EE0009FED172A00EE413AB6EE001A60EE001A96
:101EF00000EE431A61EEC11A9FED101A20EE011A8E
:101F000020EE020A9FED0F2A01EE820A71EE001AFE
:101F100011EE900A00F500606FF30B0009EE100A55
:101F200031EE491A31EE00AA9CE50000FFFF3F00A8
:101F3000000080FF0000807F0000008000B0B841FA
:101F4000D49A38BB3BAAB84100B510EE101A2DED5B
:101F5000028B81B0524A6846B2EB410F2ED94FF046
:101F6000E640B0EB410F94BF00204FF0FF300090EF
:101F70000098B0EE408A00286ADB10F0010F4BD0C9
:101F800068EE080A9FED471A9FED470A00EE810AA6
:101F90009FED461A10F0020F00EE801AB7EE000A0D
:101FA00000EE810A02BF01B0BDEC028B00BD00BF94
:101FB00001B0B1EE400ABDEC028B00BD3C4B21F0FC
:101FC0000042934241D911F0004FDFED3A0A20EE72
:101FD000201ADFED390A19BF31EE601A71EE200ABE
:101FE00031EE201A71EE600ABDEEE01A11EE100A11
:101FF0009FED321A00F0030000EEC10A9FED301A87
:10200000009000EEC10A9FED2F1A00EEC10A9FED6D
:102010002E1A00EEC10AABE728EE080A9FED2B1A34
:10202000DFED2B0A10F0020F40EE410A9FED291A56
:1020300000EE201A61EE000AB0EE480A08EE200A0F
:10204000B6D101B0BDEC028B00BD00F08BF88FE77C
:1020500018EE100A4000B0F17F4F0DD218EE100AB2
:10206000FFF7EEF8042808BF00F074F8B0EE480A55
:1020700001B0BDEC028B00BD09D1012000F02CF9AC
:1020800001B0BDEC028B5DF804EB00F053B801B079
:10209000B0EE480ABDEC028B5DF804EB00F044B8EA
:1020A000B61F927EB93AB2BACA9F2A3DDDFFFFBE83
:1020B000490E494683F9223F0000004B0000C93F0A
:1020C00000A0FD390020A2331A61342C336D4C3945
:1020D000DA82083CA0AA2ABE10B52DED028BB1EE23
:1020E000C08A18EE100A20F00040C0F1FF40C00F77
:1020F0000AD010EE100A20F00040C0F1FF40C00FDF
:1021000004BF012000F0E8F8B0EE480ABDEC028BF5
:1021100010BD0000DFED030AB7EE001A81EE200AC1
:10212000704700000000000030EE000A704730EEFB
:10213000200A7047DFED020A80EEA00A7047000017
:10214000000000009FED020A20EE000A7047000028
:10215000000000709FED020A20EE000A70470000A8
:10216000000000102DE9F0014FF07F42B2EB410F6B
:102170009FBF4FF0FF310160BDE8F00170474FF0A5
:10218000004242EA0123C1F3C752783A551112F0D6
:102190001F0C434CCCF120067C44C1F3C752A2F182
:1021A00078024FEA621204EB820254F8254008BF1D
:1021B000D2E9015612D0556804FA0CF425FA06F754
:1021C0003C43976805FA0CF527FA06F8D26807FA37
:1021D0000CFCF24045EA08054CEA0206A4FB034C5D
:1021E000A5FB0352A6FB03631D449D4234BF012699
:1021F00000261319334416B1934202D903E09342E7
:1022000001D2012200E00022624402F1200C920679
:10221000DC0C42EA443200EE102A5B03DFED210AB7
:10222000F8EEC01A00EE103A4FEA9C1C11F0004F75
:10223000B8EE400AC0F800C020EE201A00EE105A96
:10224000DFED190AB8EE400A20EE200A71EE810A8D
:1022500070EE800A10EE902A02F500626FF30B0216
:1022600000EE902A70EEE11A31EEC11ADFED101A7D
:1022700030EE411A9FED0D0A20EE800A01EE210A90
:102280009FED0C1A00EE810A04BFBDE8F001704713
:10229000CCF180510160BDE8F001B1EE400A704719
:1022A00018220000000000360000802C22AAFD2920
:1022B000DB0FC92F0000C92F02E008C8121F08C198
:1022C000002AFAD170477047002001E001C1121FB7
:1022D000002AFBD1704700000149086070470000E8
:1022E000900300202DE9FF5F82B00021DDE904307A
:1022F000020DDDF840B0034318D044F61050A2F2AE
:10230000FF3242431514119801281FD0A5EB0B0092
:10231000401C5FEA000A4FF000064E4FDFF838918C
:10232000B046504615D5CAF1000413E011980124B7
:102330004AA3012801D16FEA0B010298119AC0E962
:102340000031C0E9024206B0BDE8F09FCBF10000C9
:10235000DFE704460021404A491842EB0450CDE92A
:10236000001012E0E00707D032463B46404649469F
:10237000EEF713FB8046894632463B461046194627
:10238000EEF70BFB06460F466410002CEAD1DDE9A0
:102390000401DDE90023BAF1000F06DAEEF7FDFAD9
:1023A00042464B46EEF7F9FA05E0EEF768FB424687
:1023B0004B46EEF764FB04460E460022284BEEF730
:1023C000D7FD03D84FF0FF30014607E00022254B30
:1023D00020463146EEF73AFAEEF78CFD102409E07C
:1023E000002C0ADB0A220023EDF74AFF039B303260
:1023F0001A55641E50EA0102F2D1641C039AC4F11A
:1024000011031444119A012A03D0012208430DD16B
:102410000AE0084304D000204FF0110B119072E73E
:10242000A3EB0B056D1E0DE05B4504DD4FF00002D4
:1024300005F1010504E003DA4FF00002A5F1010502
:10244000002AECD002981199C0E90231C0E9004598
:1024500079E70000000014400000F03F3000000069
:102460000000F0430000E03F30380A2801D201208C
:1024700070470020704700002DE9FF4F95B09B4644
:102480008946064600250FE2252877D100242746F5
:10249000F84A0121059400E0044316F8013F203B6F
:1024A00001FA03F01042F7D130782A2811D06FF0EA
:1024B0002F033078A0F13002092A16D8059A44F08B
:1024C000020402EB820203EB42021044761C0590E8
:1024D000EFE759F8042B0592002A03DA504244F43E
:1024E0000054059044F00204761C30782E2816D152
:1024F00016F8010F44F004042A280DD06FF02F02C3
:102500003078A0F13003092B09D807EB870302EBE1
:102510004303C718761CF3E759F8047B761C307820
:102520006C280FD006DC4C2817D068280DD06A28FC
:1025300014D104E0742810D07A280FD10DE044F4AF
:1025400000140AE044F4801401E044F4401472786A
:10255000824202D104F58014761C761C30786628FD
:102560000BD013DC582877D009DC002875D045281B
:10257000F6D04628F4D047281AD19DE118E0632808
:1025800035D0642879D0652812D195E1702873D0B0
:1025900008DC6728F1D069286FD06E280DD06F282D
:1025A00006D1B5E073282CD0752875D0782874D062
:1025B0005A46179990476D1C75E1C4F302500228E2
:1025C00009D003280DD0D9F8001004280DD00D60D3
:1025D00009F1040967E1D9F80010EA17C1E90052CE
:1025E000F6E7D9F800100D80F2E70D70F0E719F862
:1025F000041B8DF8001000208DF80100EA46012030
:1026000003E059F804AB4FF0FF3061074FF00001D1
:1026100002D40DE008F101018846B9420FDA804585
:10262000F8DB1AF808100029F4D108E008F10101DC
:1026300088468142FADB1AF808100029F6D105987D
:102640005B46A0EB080721463846179A00F094FA3B
:10265000284400EB080507E04DE029E10DE01AF8F9
:10266000010B5A4617999047B8F10108F7D25B461B
:1026700021463846179A13E142E00A220092C4F339
:1026800002524FF0000A022A08D059F804CB032A5C
:102690004FEAEC710AD00DE029E02AE009F10701C8
:1026A00021F00702F2E802C1914609E00FFA8CFC22
:1026B0004FEAEC71042A03D14FFA8CFC4FEAEC711B
:1026C000002907DA0A460021DCF1000C61EB020167
:1026D0002D2202E0220504D52B228DF804200122B0
:1026E00003E0E20701D02022F7E7904659E00A21F3
:1026F00002E010220DE010214FF0000A00910BE0E3
:1027000010224FF0000A44F004040827009203E06E
:1027100008224FF0000A0092C4F30252022A05D0A8
:1027200059F804CB0021032A08D009E009F1070178
:1027300021F00702F2E802C1914605E01FFA8CFC85
:10274000042A01D10CF0FF0C4FF00008220728D515
:10275000702806D0009B83F0100353EA0A0305D0CB
:102760000EE040228DF80420012208E05CEA01021C
:1027700006D030228DF804208DF805000222904604
:10278000009B83F0080353EA0A030AD15CEA0102C2
:1027900001D1620705D530228DF804204FF00108E1
:1027A0007F1E582804D034A003900EA802900DE09C
:1027B00036A0F9E753466046009AEDF761FD84467E
:1027C0000398825C0298401E029002705CEA01004D
:1027D000F0D1029806A9081A00F1200A600702D574
:1027E00024F4803400E00127574502DDA7EB0A00FE
:1027F00000E0002000EB0A01009005984144401AD7
:102800000590E00306D45B462146179A059800F030
:10281000B3F90544002706E001A85A46C05D1799A0
:1028200090476D1C7F1C4745F6DBE0030CD55B46EB
:102830002146179A059800F09FF9054404E03020DE
:102840005A46179990476D1C0099481E0090002920
:10285000F5DC08E0029802995A460078491C02917A
:10286000179990476D1CBAF10001AAF1010AF1DC39
:1028700065E1000009280100303132333435363744
:1028800038396162636465660000000030313233BC
:10289000343536373839414243444546000000005C
:1028A00000F058F90544761C307800287FF4ECAD30
:1028B00019B02846BDE8F08F620700D4062709F159
:1028C000070222F0070CFCE80223E14603F000486F
:1028D0005FEA080C02D00FF2702C0DE05FEA045C96
:1028E00002D50FF2682C07E05FEAC47C02D00FF239
:1028F000602C01E0AFF2700C4FF0FF3823F0004382
:10290000CDF850C065280CD006DC452809D04628F3
:102910001DD047283DD13DE0662818D067287ED1DC
:1029200038E00021112F01DB112000E0781CCDE9F7
:10293000000106A90EA8FFF7D5FCDDE90F010E9AEC
:1029400003910021009207F1010A04914DE04FF03C
:1029500000400097CDE9011006A90EA8FFF7C2FCC0
:10296000DDE90F0203920E9B11990022DDF80CA005
:102970000093049211B9791C00EB010AB7EB0A002D
:1029800004D4C0F1FF3007F1010A0490AAEB07005C
:10299000019044E0012F00DA01270021112F01DD11
:1029A000112000E03846CDE9000106A90EA8FFF786
:1029B00099FCDDE90F010E9A039100210491009228
:1029C000BA4621070CD40399514500DA8A46BAF178
:1029D000010F05DD009AAAF10101515C302908D0F0
:1029E000B84202DA10F1040F06DA0121CDE9011034
:1029F00015E0AAF10101E9E7002805DC049901448A
:102A00000491AAEB000102E0411C514500DD8A4619
:102A10000499401A401C01904FF00040029020079A
:102A200004D40198504501DBCDF8048000208DF8D6
:102A30004F0002980DF14F07B0F1004F25D02B2029
:102A40000E9002984FF0020800280CDA40420290E3
:102A50002D200E9007E00A210298EEF703F930319D
:102A6000029007F8011DB8F10001A8F10108F2DC9D
:102A700002980028EFD1791E0E980870307800F087
:102A8000200040F0450007F8020D12A8C01B00F11D
:102A900007081498007800B1012000EB0A010198A2
:102AA00001EBE07105984144401A401E0590E00397
:102AB00006D45B462146179A059800F05DF8054458
:102AC0001498007818B15A46179990476D1CE00386
:102AD00024D55B462146179A059800F04DF8054429
:102AE0001CE00498002807DBDDE90301884203DDD0
:102AF0000098405C179901E0179930205A4690479A
:102B0000049805F10105401C04900198401E0190B5
:102B100004D12E205A46179990476D1CBAF1000136
:102B2000AAF1010ADDDC05E017F8010B5A461799F6
:102B300090476D1CB8F10001A8F10108F4DC5B4678
:102B40002146179A0598ABE62D0000002B000000E7
:102B5000200000002DE9F041044600251E461746DE
:102B6000880404D405E039462020B0476D1C641E5B
:102B7000F9D52846BDE8F0812DE9F041044600254D
:102B80001E469046C80301D5302700E02027880460
:102B900004D505E041463846B0476D1C641EF9D5A2
:102BA0002846BDE8F0814A68002A06D00A68531C0E
:102BB0000B6010704868401E48607047BB20174982
:102BC0000870012003E0FF21144A1154401C0F2813
:102BD000F9DBF3F78BFEFBF7F9F8F8F70FF8F7F7E7
:102BE000D9FFF8F7A9F9F8F7B3F8F8F7F3F8F8F719
:102BF0004BF9F8F7CBF8F8F783F908210848F5F70F
:102C0000D5FF08B1F1F706FAEFF7E0FB40F6C41084
:102C1000F3F790F9EEF726FE00BFFEE74023002011
:102C2000A80500202DE9F04705460E46294807680B
:102C30002948D0F800802948D0F80090284800683A
:102C4000001D00F05BFC50B92548006890F82C107E
:102C50000120884023490968814322480160681C9B
:102C6000E0B9DEB100BF204948681D4909688860A5
:102C70001B4982680968CA6019490968091D826888
:102C8000516017490968091D8160174A144909688C
:102C90004A6111460968491C116018E07C19104806
:102CA00000684460BC4206D20D480168091D4846D0
:102CB00000F048FC0BE00A480168091D404600F09E
:102CC00041FC0A480068844201D208480460BDE81B
:102CD000F087000044030020340300203803002064
:102CE00030030020480300205C2700206003002000
:102CF00010B5044600F04CFC32480068401C3149D5
:102D000008603148006840B92F48046008460068F0
:102D100001280DD100F0D6F90AE02C48006838B936
:102D200029480068C06AE16A884201D826480460E0
:102D300027480068401C2649086000BF94F82C1002
:102D4000012088402349096808432249086000BFE0
:102D5000E16A01EB8101204A02EB81014868A06031
:102D60008268E260211D826851608160E16A01EB46
:102D70008101194A02EB81026261E16A01EB810182
:102D8000154A52F82110491CE26A02EB8202124BEA
:102D900043F8221000BF00BF00F00CFC0B48006895
:102DA00078B100BF08480068C06AE16A884207D26B
:102DB0004FF0805009490860BFF34F8FBFF36F8F0A
:102DC00000BF10BD40030020300300204C03002052
:102DD0005C03002048030020A826002004ED00E04A
:102DE00010B516E000F0D4FB0C48C068C468201D84
:102DF00000F084FB0A480068401E09490860094841
:102E00000068401E0749086000F0D4FB204600F02F
:102E1000B6F8044800680028E4D110BD4827002017
:102E2000400300203C03002070B504460D46206C92
:102E300070B1216CE0680144E160D4E9021088427D
:102E400001D32168E1602846226CE168EDF749FA78
:102E500070BD2DE9F04104460F4615464FF00008BD
:102E6000A66B206C28B37DB93946226C6068EDF7FB
:102E700038FA216C606808446060D4E90101884236
:102E800017D32068606014E03946226CE068EDF7E3
:102E900028FA216CE068411AE1602168E068884204
:102EA00003D2216CA068411AE160022D01D106B164
:102EB000761E701CA0634046BDE8F081F0B587B077
:102EC00001260027002408E012A0005D03A9085590
:102ED00003A8005D00B902E0641C102CF4DB00BF05
:102EE000002510E00D4F0E4800EB850000210B4639
:102EF0008022CDE9001003A9384600F037FF0646CE
:102F000006B902E06D1C012DECDB00BF304607B0B6
:102F1000F0BD000049444C4500000000FD2F0108B1
:102F2000640300202DE9FF5F074688461646994650
:102F3000DDE90EABB00000F0ABF9054675B14C20F1
:102F400000F0A6F904462CB14C212046EDF7E2F939
:102F5000256304E0284600F03DFB00E0002454B166
:102F600000204B4632464146CDE900ABCDE9024058
:102F7000384600F06AF8204604B0BDE8F09F10B56E
:102F80000446206B00F026FB204600F023FB10BD1A
:102F900030B54FF40043144800F007042CB1C01DB5
:102FA00020F00700104C041B1B1B104C2060002459
:102FB0000E4D6C60C218083A22F007020C4C2260D9
:102FC00000240B4D2D686C60094D2D682C60014666
:102FD000541A4C60064C24680C60064D4C682C60FA
:102FE000054D4C682C6030BD702700207003002018
:102FF00078030020800300207C03002000BFFFF73F
:10300000EFFE064800680128F9D94FF080500449C6
:103010000860BFF34F8FBFF36F8FF0E7A826002043
:1030200004ED00E02DE9F04106460D4617469846AE
:10303000069C0DB9246000E02760E6632564012149
:10304000204600F005FDBDE8F0812DE9FF5F8046D8
:103050000E469146DDE90E7A109CA9F10100216B24
:1030600001EB800B2BF0070B7EB1002507E0715DB3
:1030700004F134004155705D00B902E06D1C102D63
:10308000F5D300BF002143200155052F00D30427AD
:10309000E762201D00F053FA04F1180000F04FFA27
:1030A0002461C7F10500A061646241465846039A55
:1030B00000F06EF92060BAF1000F01D0CAF80040AC
:1030C000BDE8FF9F10B5002407E004EB84010F4A20
:1030D00002EB810000F026FA641C052CF5D30C48A5
:1030E00000F020FA0B4800F01DFA0B4800F01AFA25
:1030F0000A4800F017FA0A4800F014FA044809498F
:10310000086004480849086010BD0000A826002097
:103110000C270020202700203427002048270020EB
:103120005C270020340300203803002010B501463E
:10313000164800E0006803688B42FBD302464368F0
:1031400013448B4204D143684C68234443600146D6
:103150000A464B6813440468A34211D10C4C03681F
:103160002468A34208D04B680468646823444B6019
:1031700003681B680B6005E0054B1B680B6001E0F2
:1031800003680B60884200D0016010BD700300200E
:103190007803002070B5054600F0FAF9A86B08B96D
:1031A000012400E0002400F005FA204670BD70B54F
:1031B000054600F0EDF9A86BE96B884201D10124C6
:1031C00000E0002400F0F6F9204670BD09480068D0
:1031D000006808B9012000E0002020B14FF0FF3066
:1031E0000549086005E003480068C06800680249B6
:1031F00008607047340300206003002000BFBF2038
:1032000080F31188BFF34F8FBFF36F8F00BF00BFF4
:10321000FEE770B5044600F0BBF994F9455010E0A4
:10322000606A08B9012000E0002038B904F12400E8
:1032300000F08EFE18B100F0DBFA00E003E0681E3B
:1032400045B2002DECDC00BFFF2084F8450000F003
:10325000B1F900F09DF994F9445010E0206908B9E3
:10326000012000E0002048B904F1100000F070FED9
:1032700008B100F0BDFA681E45B200E001E0002D83
:10328000ECDC00BFFF2084F8440000F093F970BD2F
:103290002DE9F04704464FF00009DCB114F1090FA5
:1032A00001D9012000E0002098B9083404F007009B
:1032B00080B104F00700C0F10808C8F1FF30A04257
:1032C00001D2012000E0002008B9444402E00024BB
:1032D00000E0002400F036FB2848006808B9FFF73A
:1032E00057FE012000EBE470002841D0002C3FD0B5
:1032F0002348006884423BD8224E3046056801E0EE
:103300002E462D686868A04202D228680028F7D1AE
:103310001A48006885422BD0306800F108092868F7
:1033200030606868001B102807D92F196868001BD7
:1033300078606C6030683860376011496868096887
:10334000081A0F490860084600680F490968884252
:1033500003D20B4800680C490860686840F00040E0
:1033600068600020286009480068401C0749086020
:1033700000F07AFE4846BDE8F087000078030020A0
:103380007C030020700300208003002084030020C1
:10339000001F4FF080730360001F21F001030360E2
:1033A000001F054B036014380260001F6FF002031A
:1033B0000360203870470000FD31010810B500EEB1
:1033C000100A2DED028BB1EEC08A18EE100A20F023
:1033D0000040C0F1FF40C00F0AD010EE100A20F0EC
:1033E0000040C0F1FF40C00F04BF0120FEF774FF92
:1033F00018EE100ABDEC028B10BD00002DE9F0475D
:103400000446884616464FF0000900F09BFA00F08B
:10341000BFF823480068443050F8240030B9012137
:103420001F4800684830015506B1894600F0C2F8CF
:10343000B9F1010F03D101213046FFF7F3FB00F092
:1034400013FE0746B9F1010F08D13FB94FF0805084
:1034500014490860BFF34F8FBFF36F8F00F098F8E7
:103460000F480068443050F824507DB1B8F1000F87
:1034700006D000210A480068443040F8241005E0D6
:10348000681E07490968443141F8240000210448B6
:1034900000684830015500F08DF82846BDE8F087F7
:1034A0003003002004ED00E00FB430B5E1B0124865
:1034B000D0F8BC5215B1D5F8140218B161B030BCC7
:1034C0005DF814FB65A800904FF4C07101A8009B43
:1034D000649AFDF79FFE044600200090002C08DD52
:1034E000B4F5C07F01DB40F27F14A1B201A8F0F770
:1034F000A5FA00BFE2E70000E006002001460A69E5
:10350000D1E901309860D1E90103586050688842E0
:1035100001D188685060002008611068401E10606A
:103520001068704700F1080141604FF0FF31816081
:1035300000F10801C16001610021016070470021B4
:103540000161704710B502460B685C1C0CB910692C
:1035500007E002F1080000E04068446824689C42EB
:10356000FAD944684C604C68A160886041600A6187
:103570001468641C146010BD42684A6093688B60D4
:10358000936859609160086103685B1C0360704731
:1035900000BFBF2080F31188BFF34F8FBFF36F8F41
:1035A00000BF03480068401C0149086070470000E4
:1035B0008C03002006480068401E05490860084644
:1035C000006820B9002080F3118800BF00BF704759
:1035D0008C03002070B506463546E6B1083D2C4602
:1035E0006068C00FB8B12068A8B9606820F00040DA
:1035F000606000F0A7F90849606809680844064956
:1036000008602046FFF792FD04480068401C03490B
:10361000086000F029FD70BD7C03002088030020B5
:1036200000204FF0E02108618861064800684FF4EF
:103630007A71B0FBF1F0401E4FF0E02148610720A5
:10364000086170477C00002070B50446002544B135
:1036500000F078F900212046FFF7E4FA00F004FDBD
:1036600005463DB94FF0805003490860BFF34F8FC6
:10367000BFF36F8F70BD000004ED00E02DE9F04155
:1036800003461446184600BFBF27EFF3118287F3A5
:103690001188BFF34F8FBFF36F8F00BF154600F146
:1036A0004802565C02275754121F52F82120521C20
:1036B00000F1440747F82120012E7AD1404A1268D0
:1036C000002A51D100BF4269D0E9027CC7F808C086
:1036D000D0E902C7C7F804C0071DD2F804C0BC4532
:1036E00001D1C76857604FF0000CC0F814C01768CC
:1036F0007F1E176000BF00BF90F82C700122BA40F7
:10370000304F3F683A432F4F3A6000BFC76A07EB1C
:103710008707DFF8B4C00CEB87077A688260D2F8BD
:1037200008C0C0F80CC0071DD2F808C0CCF804705F
:103730009760C76A07EB8707DFF88CC00CEB870C34
:10374000C0F814C0C76A07EB8707DFF87CC05CF8D5
:1037500027707F1CD0F82CC00CEB8C0CDFF8688035
:1037600048F82C7000BF18E000BF184F7A68C2619B
:10377000D2F808C0C0F820C000F11807D2F808C07D
:10378000CCF804709760DFF844C0C0F828C06746E2
:103790003F687F1CCCF8007000BF0D4FC26A3F68C5
:1037A000FF6ABA4205D90CB1012222600122094FF9
:1037B0003A6000BF85F3118800BFBDE8F0810000CA
:1037C0006C03002048030020A82600203427002096
:1037D00030030020540300200349096801600349B5
:1037E000096841607047000058030020440300202E
:1037F00001200149086070475403002070B5054658
:103800000C460548016818312846FFF79BFE012148
:103810002046FFF707FA70BD3003002010B5FFF710
:103820004DFB0446012C14D100BFBF2080F311884A
:10383000BFF34F8FBFF36F8F00BF4FF0FF300649CC
:10384000086001200549086000200549086000F073
:10385000B5F80448006810BD600300204C03002048
:10386000440300206803002070B50546FFF790FE72
:1038700015B92D48006800E028460446201DFFF7D2
:103880003DFE88B900BFE06A00EB8000274951F88F
:10389000200040B994F82C10012088402449096880
:1038A00081432348016000BFA06A18B104F11800E9
:1038B000FFF724FE211D1F48FFF75EFE002009E0F0
:1038C00004F14801095C012903D1002204F14801F7
:1038D0000A54401C0128F3DBFFF76CFE1648006811
:1038E00028B1FFF755FEFFF771FCFFF763FE0E48A6
:1038F0000068844217D11048006840B14FF08050F2
:103900000E490860BFF34F8FBFF36F8F0BE009487C
:1039100006680B480068864203D10020024908600F
:1039200001E000F017F870BD30030020A826002049
:10393000480300205C2700204C03002004ED00E039
:103940004003002002480068401C0149086070479D
:103950006C0300201448006818B101201349086066
:1039600021E000201149086000BF11480068B0FA4A
:1039700080F0C0F11F0100BF01EB81020D4B03EB92
:10398000820042685268426000F108024368934234
:1039900001D1C26842604268D268074B1A6000BF1A
:1039A00000BF1846006870476C03002054030020D5
:1039B00048030020A82600203003002010B50E4840
:1039C000006840F47F000C4908600846006840F039
:1039D0007F400860FFF724FE002008490860ECF7EC
:1039E00001FC0748006840F0404005490860ECF7DA
:1039F000E5FB002010BD000020ED00E08C0300205E
:103A000034EF00E02DE9F84304460E461746002542
:103A1000DCB1681EB0FBF4F0B04216D304FB06F034
:103A200010F1490F11D804FB06F909F14800FFF71E
:103A30002FFC05464DB1A84608F148083B464246D2
:103A4000314620460095FFF7EDFA2846BDE8F88399
:103A50002DE9F04105460E4601272C46002C41D0A9
:103A6000E06B00283ED0B91EE06BB1FBF0F0216C9A
:103A7000884237D3FFF78CFDD4E90F12206801FB91
:103A80000200A0600020A06320686060E06B401E20
:103A9000226C216800FB0211E160FF2084F84400E1
:103AA00084F845009EB9206908B9012000E0002093
:103AB000A8B904F1100000F04BFA80B14FF080502B
:103AC0000A490860BFF34F8FBFF36F8F07E004F11F
:103AD0001000FFF727FD04F12400FFF723FDFFF797
:103AE00069FD00E000273846BDE8F08104ED00E004
:103AF0002DE9FF4383B0074688461D464FF0000975
:103B00003C4600BFFFF744FDA06BE16B884201D348
:103B1000022D28D12A4641462046FFF79AF906464B
:103B2000606A08B9012000E0002068B904F12400AF
:103B300000F00EFA88B14FF0805032490860BFF3B0
:103B40004F8FBFF36F8F08E03EB14FF080502D498B
:103B50000860BFF34F8FBFF36F8FFFF72BFD01207E
:103B600007B0BDE8F083059818B9FFF723FD0020E2
:103B7000F6E7B9F1000F04D101A8FFF72DFE4FF0D1
:103B80000109FFF717FDFFF7DDFEFFF701FD94F9CF
:103B90004400401C10B9002084F8440094F945000A
:103BA000401C10B9002084F84500FFF703FD05A96B
:103BB00001A800F0ABF8F0B92046FFF7F8FAA0B181
:103BC00004F110000599FFF719FE2046FFF721FBCD
:103BD00000F04AFA002895D14FF08050094908605A
:103BE000BFF34F8FBFF36F8F8CE72046FFF711FBBA
:103BF00000F03AFA86E72046FFF70BFB00F034FAB4
:103C00000020ADE704ED00E02DE9F74183B0054663
:103C10000F464FF000082C4600BFFFF7B9FCA66B1B
:103C2000F6B139462046FFF7FFF8701EA063206901
:103C300008B9012000E0002060B904F1100000F094
:103C400087F938B14FF080502F490860BFF34F8F8C
:103C5000BFF36F8FFFF7AEFC012006B0BDE8F08127
:103C6000059818B9FFF7A6FC0020F6E7B8F1000F99
:103C700004D101A8FFF7B0FD4FF00108FFF79AFC4F
:103C8000FFF760FEFFF784FC94F94400401C10B974
:103C9000002084F8440094F94500401C10B900202D
:103CA00084F84500FFF786FC05A901A800F02EF86E
:103CB000F0B92046FFF76EFAA0B104F1240005998F
:103CC000FFF79CFD2046FFF7A4FA00F0CDF900288D
:103CD000A3D14FF080500C490860BFF34F8FBFF362
:103CE0006F8F9AE72046FFF794FA00F0BDF994E74A
:103CF0002046FFF78EFA00F0B7F92046FFF74AFAA0
:103D000000288AD00020A8E704ED00E070B5064640
:103D10000C46FFF73DFC134802687068131A2068D0
:103D2000401C08B9002519E00F493068096888422D
:103D300006D07068904203D80125002020600DE075
:103D40002068984207D92068C01A20603046FFF7E3
:103D500043FD002502E0002020600125FFF72AFC3A
:103D6000284670BD44030020580300202DE9FC5F65
:103D700006460F4690469946DDE90CAB4B46424657
:103D800039463046CDE900ABFFF7CCF8054625B102
:103D90002846FEF7ADFF012401E04FF0FF34204636
:103DA000BDE8FC9F014908687047000044030020FB
:103DB0002DE9F04100275B48006800287DD15A4872
:103DC0000068451C5848056095B900BF5748D0F8B1
:103DD000008057480068554908605548C0F8008081
:103DE00054480068401C53490860FFF7EFF900BFD2
:103DF0005148006885427DD300BF4C480068006888
:103E000008B9012000E0002020B14FF0FF304A49FE
:103E100008606EE045480068C068C4686668B542DE
:103E200002D24548066064E000BF6069D4E902122E
:103E30008A60D4E902214A60211D42688A4201D188
:103E4000E1684160002262610168491E016000BFB3
:103E5000A06AA0B100BFA06AD4E907128A60D4E9C1
:103E600007214A6004F1180142688A4201D1216A9F
:103E700041600022A2620168491E016000BF00BFCC
:103E800094F82C10012088402C49096808432B49DC
:103E9000086000BFE16A01EB8101294A02EB810160
:103EA0004868A0608268E260211D8268516081607C
:103EB000E16A01EB8101224A00E02BE002EB810282
:103EC0006261E16A01EB81011D4A52F82110491C2F
:103ED000E26A02EB82021A4B43F8221000BF00BFD5
:103EE0001849E06A0968C96A884286D9012784E7C7
:103EF00000E000BF13480068C06A00EB8000104972
:103F000051F82000012800D901270F48006800B1AE
:103F1000012704E00D480068401C0C490860384641
:103F2000BDE8F0816C03002044030020340300202E
:103F300038030020580300206003002048030020BD
:103F4000A826002030030020540300205003002046
:103F500070B50346D868C16800BF886AD1E90745D3
:103F6000A560D1E90754656001F118044568A542D0
:103F700001D10C6A446000258D620468641E0460EF
:103F800000BF33480068002842D100BF4869D1E92A
:103F90000245A560D1E9025465600C1D4568A54243
:103FA00001D1CC68446000254D610468641E046042
:103FB00000BF00BF91F82C400120A040254C246890
:103FC0002043244C206000BFCC6A04EB8404224DC3
:103FD00005EB8404606888608568CD600C1D856889
:103FE0006C608460CC6A04EB84041B4D05EB840593
:103FF0004D61CC6A04EB8404174D55F82440641CD1
:10400000CD6A05EB8505144E46F8254000BF11E04A
:1040100000BF124C6068C86185680D6201F1180428
:1040200085686C6084600D4D8D622C462468641C2C
:104030002C6000BF0A4CC86A2468E46AA04204D914
:1040400001220120074C206000E00022104670BDD4
:104050006C03002048030020A826002034270020FD
:1040600030030020540300202DE9F04100240027F4
:10407000FFF78EFA002552480068401E504908603C
:104080000846006800286ED14E48006800286AD0B3
:1040900064E04D48C068C46800BFA06AD4E9071254
:1040A0008A60D4E907214A6004F1180142688A4213
:1040B00001D1216A41600022A2620168491E0160AB
:1040C00000BF00BF6069D4E902128A60D4E902210E
:1040D0004A60211D42688A4201D1E16841600022A4
:1040E00062610168491E016000BF00BF94F82C1096
:1040F000012088403549096808433449086000BFF9
:10410000E16A01EB8101324A02EB81014868A0605B
:104110008268E260211D826851608160E16A01EB82
:1041200081012B4A02EB81026261E16A01EB8101AC
:10413000274A52F82110491CE26A02EB8202244B02
:1041400043F8221000BF00BF2249E06A0968C96A2B
:10415000884203D90120204941F825001A48006807
:1041600010B9012001E026E00020002891D00CB118
:10417000FFF72CF8194806686EB100BFFFF718FE6C
:1041800018B10120144941F82500761E002EF5D102
:10419000002012490860104850F8250058B1012746
:1041A00000BF0C48006838070D490860BFF34F8F07
:1041B000BFF36F8F00BFFFF7FDF93846BDE8F08110
:1041C0006C03002040030020342700204803002017
:1041D000A8260020300300205403002050030020B4
:1041E00004ED00E0000610160006101600000000A6
:1041F0000000000001020304060708090000000097
:104200000102030400007A44000000400000404026
:10421000000000000000003F0000FA4400002041C0
:104220000000204188130000000000000000000092
:10423000000000000000803F0000803F0000803F41
:10424000000000000000003F000000000000B44239
:104250000000B442000000000000803F00000000A9
:1042600000000000000000000000C84200004040C4
:104270000000404000000000000000000000B33FCC
:10428000B2BE7D3A00002E40DFCF513800007E40A4
:10429000BF51FABA00E0A44019DAC3BA00E0C8403E
:1042A000C2ED8AB90040EB40CD1F2CBA0010064188
:1042B0002AFFFABA00C01541DFCFD13700D0244120
:1042C0009A97703A0050334189478E3600404141F9
:1042D000E75B9D3800B04E41C00A98B900A05B4131
:1042E000558F943A00306841DA92C0BA0040744168
:1042F00062B3C63A0000803F00A0853F00908B3F2C
:1043000000C0913F0030983F00F09E3F00F0A53F75
:104310000050AD3F0000B53F0000BD3F0060C53F0D
:104320000020CE3F0040D73F00C0E03F00C0EA3F42
:104330000020F53F000000007D36AC397D3C383967
:10434000EBDCF438320A7E39124C26399B6AED399F
:10435000A4EE83397F661E39F6398A392B426539D6
:10436000A48211395B991F39C3EECD39DDE7C63719
:10437000A5A22F390000803FC3AA853FC2958B3F7D
:10438000D3C3913FF037983F32F59E3FD7FEA53F0C
:104390003F58AD3FF304B53FA408BD3F2A67C53F72
:1043A0008C24CE3FFD44D73FDFCCE03FC7C0EA3F7F
:1043B0007D25F53F000000006E83F9A22915444ECB
:1043C000D15727FCC0DD34F5999562DB4190433C21
:1043D000AB6351FEDDDDDDDDDCBBBBDDDDDDDDDD69
:1043E000DDDDDDDD9888888888888888777777772D
:1043F00077888888855555566666666666666666F9
:1044000066688888833333322222222222222222A3
:104410002228888D5B25733A25645D20424D5033F8
:10442000383820616E6420436F6D7061737320694A
:104430006E6974204F4B2C204D41472063616C699D
:1044400062726174696F6E207265717565737465EF
:10445000642E0D0A000000005B4D41475D2052456F
:104460004144593A2063616C6962726174696F6E8C
:104470002076616C69643B206B656570206C6576A5
:10448000656C20616E64207374696C6C20756E7449
:10449000696C204C4556454C20524541445900001A
:1044A0005B4D41475D2043414C20535543434553A9
:1044B000533A20706C616365206169726372616652
:1044C00074206C6576656C20616E64206B65657028
:1044D00020636F6D706C6574656C79207374696CA2
:1044E0006C0000005B4D41475D2043414C2052452C
:1044F0005155495245443A206B656570206C6F6395
:104500006B656420616E64207468726F74746C658E
:10451000206C6F773B20737461727420696E206128
:10452000626F757420342073000000005B4D4147BA
:104530005D2043414C2053544152543A20736C6FD8
:10454000776C7920726F7461746520746865207768
:10455000686F6C652061697263726166742074684B
:10456000726F75676820616C6C20332061786573A9
:10457000000000005B25733A25645D204D41472013
:1045800073746174653A256420656E7472793A2596
:10459000642073616D706C65733A256C752072656B
:1045A0006A6563743A256C75206D61736B3A307877
:1045B000253032580D0A00005B25733A25645D20D2
:1045C0004D414720616374697665206F6666736547
:1045D000743A252E32662C252E32662C252E326614
:1045E000207363616C653A252E34662C252E346663
:1045F0002C252E34662076616C69643A25640D0A98
:104600000000000024460108000000209403000080
:10461000601300082447010894030020DCA7000071
:10462000C82201084132011365F11B08AD041ABD0F
:10463000041AE9041329F21B0831081A750413122D
:1046400001140202021640830440571D02010203B6
:1046500031071E040309041A0313C5391B08C104DA
:104660001A7D041AE90413313A42085A107411539E
:1046700024F4130A0632022A40141319EC14081504
:10468000EA4C0863EE2C1AE90C130DE91B08CB0465
:10469000C1138DEB1B0849041AD5041A39041C09EF
:1046A00002439B111DC03209045D1A020B1305243D
:1046B0001610010524011009010424020205240634
:1046C000170107058203081C100904D1320A2E07BE
:1046D00005010240072A810704508101822BF40161
:1046E00002814BE8030201661A80D30128080B7689
:1046F0002040CDCCCC3D52491D3A58052A6666E68D
:104700003F0A27908413600522204DE80338040CEB
:104710009A0C0C9A040C5A080C015809225B1AAA2C
:044720000141000053
:040000050800018965
:00000001FF
